sample,mean_parse_height,num_parses,type,length
t1,,,negative,1
t17,,,negative,1
t20,,,negative,1
t46,,,negative,1
t18,,,negative,1
t30,,,negative,1
t2,,,negative,1
t5,,,negative,1
t39,,,negative,1
t15,,,negative,1
t34 t38,3.0,1.0,positive,2
t34 t18,3.0,1.0,positive,2
t7 t17,3.0,1.0,positive,2
t7 t38,3.0,1.0,positive,2
t7 t18,3.0,1.0,positive,2
t34 t17,3.0,1.0,positive,2
t42 t16,,,negative,2
t39 t25,,,negative,2
t38 t10,,,negative,2
t2 t20,,,negative,2
t34 t15,,,negative,2
t15 t34,,,negative,2
t7 t10,,,negative,2
t30 t42,,,negative,2
t16 t1,,,negative,2
t7 t42,,,negative,2
t34 t18 t10,4.0,1.0,positive,3
t34 t1 t39,4.0,1.0,positive,3
t7 t18 t10,4.0,1.0,positive,3
t7 t16 t46,4.0,1.0,positive,3
t34 t16 t46,4.0,1.0,positive,3
t34 t16 t39,4.0,1.0,positive,3
t7 t1 t39,4.0,1.0,positive,3
t7 t1 t46,4.0,1.0,positive,3
t34 t1 t46,4.0,1.0,positive,3
t7 t16 t39,4.0,1.0,positive,3
t30 t18 t46,,,negative,3
t16 t39 t16,,,negative,3
t34 t17 t12,,,negative,3
t10 t16 t46,,,negative,3
t14 t46 t20,,,negative,3
t39 t25 t38,,,negative,3
t20 t20 t2,,,negative,3
t12 t25 t46,,,negative,3
t25 t15 t12,,,negative,3
t34 t7 t10,,,negative,3
t7 t30 t25 t39,5.0,1.0,positive,4
t34 t30 t25 t46,5.0,1.0,positive,4
t34 t30 t25 t39,5.0,1.0,positive,4
t7 t30 t25 t46,5.0,1.0,positive,4
t46 t1 t34 t25,,,negative,4
t20 t18 t14 t5,,,negative,4
t34 t34 t17 t17,,,negative,4
t15 t14 t5 t14,,,negative,4
t16 t18 t17 t16,,,negative,4
t7 t7 t42 t10,,,negative,4
t25 t38 t18 t38,,,negative,4
t42 t42 t16 t16,,,negative,4
t34 t39 t46 t10,,,negative,4
t20 t10 t15 t1,,,negative,4
t7 t15 t5 t25 t39,6.0,1.0,positive,5
t34 t17 t1 t46 t46,6.0,1.0,positive,5
t7 t17 t1 t46 t46,6.0,1.0,positive,5
t34 t15 t5 t25 t39,6.0,1.0,positive,5
t34 t15 t5 t25 t46,6.0,1.0,positive,5
t7 t15 t5 t25 t46,6.0,1.0,positive,5
t18 t2 t39 t12 t18,,,negative,5
t5 t20 t42 t25 t5,,,negative,5
t10 t5 t17 t42 t34,,,negative,5
t38 t7 t17 t30 t14,,,negative,5
t1 t15 t15 t17 t10,,,negative,5
t2 t14 t10 t7 t15,,,negative,5
t34 t34 t7 t38 t14,,,negative,5
t16 t17 t18 t12 t34,,,negative,5
t30 t1 t15 t18 t30,,,negative,5
t20 t15 t30 t16 t39,,,negative,5
t18 t17 t1 t34 t14 t17,,,negative,6
t18 t25 t15 t20 t16 t15,,,negative,6
t12 t38 t18 t1 t34 t5,,,negative,6
t42 t7 t18 t18 t38 t46,,,negative,6
t14 t38 t7 t25 t2 t1,,,negative,6
t34 t42 t42 t12 t14 t2,,,negative,6
t25 t7 t20 t42 t18 t2,,,negative,6
t12 t18 t1 t1 t30 t20,,,negative,6
t20 t17 t34 t7 t5 t46,,,negative,6
t38 t5 t39 t5 t39 t15,,,negative,6
t34 t17 t1 t18 t20 t7 t46,7.0,1.0,positive,7
t7 t17 t1 t18 t20 t7 t46,7.0,1.0,positive,7
t46 t5 t7 t1 t39 t25 t20,,,negative,7
t2 t20 t46 t38 t46 t15 t46,,,negative,7
t1 t12 t17 t38 t17 t17 t20,,,negative,7
t39 t20 t12 t38 t34 t10 t2,,,negative,7
t2 t30 t15 t30 t38 t5 t16,,,negative,7
t10 t1 t34 t46 t39 t17 t39,,,negative,7
t20 t39 t5 t5 t1 t5 t42,,,negative,7
t46 t30 t20 t39 t39 t39 t18,,,negative,7
t15 t7 t17 t34 t10 t20 t12,,,negative,7
t5 t1 t5 t7 t12 t5 t7,,,negative,7
t7 t17 t1 t18 t20 t10 t14 t46,8.0,1.0,positive,8
t7 t17 t1 t18 t20 t39 t12 t46,8.0,1.0,positive,8
t34 t17 t1 t18 t20 t39 t12 t46,8.0,1.0,positive,8
t34 t17 t1 t18 t20 t46 t12 t46,8.0,1.0,positive,8
t34 t17 t1 t18 t20 t10 t14 t46,8.0,1.0,positive,8
t7 t17 t1 t18 t20 t46 t12 t46,8.0,1.0,positive,8
t20 t15 t30 t7 t34 t10 t14 t5,,,negative,8
t16 t46 t14 t16 t10 t12 t17 t46,,,negative,8
t2 t30 t5 t18 t42 t2 t46 t18,,,negative,8
t25 t34 t14 t20 t14 t20 t18 t15,,,negative,8
t15 t1 t42 t46 t5 t10 t39 t17,,,negative,8
t16 t7 t15 t46 t15 t1 t5 t1,,,negative,8
t16 t10 t46 t2 t17 t14 t34 t38,,,negative,8
t25 t5 t30 t34 t38 t39 t18 t1,,,negative,8
t42 t12 t12 t42 t42 t2 t39 t25,,,negative,8
t39 t16 t46 t2 t16 t15 t20 t34,,,negative,8
t34 t30 t17 t1 t17 t1 t15 t18 t46,9.0,1.0,positive,9
t7 t30 t17 t1 t17 t1 t15 t18 t46,9.0,1.0,positive,9
t34 t30 t17 t1 t17 t1 t15 t18 t39,9.0,1.0,positive,9
t7 t17 t1 t18 t20 t10 t14 t34 t46,9.0,1.0,positive,9
t34 t17 t1 t18 t20 t10 t14 t34 t46,9.0,1.0,positive,9
t7 t30 t17 t1 t17 t1 t15 t18 t39,9.0,1.0,positive,9
t16 t46 t14 t14 t46 t12 t34 t12 t2,,,negative,9
t38 t39 t17 t42 t34 t20 t46 t18 t42,,,negative,9
t2 t42 t30 t34 t7 t30 t46 t5 t7,,,negative,9
t18 t1 t17 t5 t38 t2 t2 t7 t17,,,negative,9
t42 t30 t17 t12 t17 t15 t18 t39 t2,,,negative,9
t10 t2 t14 t42 t34 t38 t30 t39 t2,,,negative,9
t30 t38 t15 t16 t7 t18 t20 t10 t39,,,negative,9
t42 t42 t39 t34 t30 t5 t15 t25 t14,,,negative,9
t38 t16 t20 t34 t30 t1 t34 t30 t16,,,negative,9
t18 t16 t17 t5 t15 t10 t2 t5 t16,,,negative,9
t34 t30 t17 t1 t17 t1 t46 t2 t18 t46,9.0,1.0,positive,10
t34 t30 t17 t1 t17 t1 t39 t10 t18 t39,9.0,1.0,positive,10
t7 t30 t17 t1 t17 t1 t39 t42 t18 t46,9.0,1.0,positive,10
t34 t30 t17 t1 t17 t1 t46 t10 t18 t39,9.0,1.0,positive,10
t34 t30 t17 t1 t17 t1 t39 t10 t18 t46,9.0,1.0,positive,10
t34 t30 t17 t1 t17 t1 t39 t42 t18 t46,9.0,1.0,positive,10
t34 t30 t17 t1 t17 t1 t39 t2 t18 t46,9.0,1.0,positive,10
t7 t15 t5 t17 t1 t17 t1 t15 t18 t46,9.0,1.0,positive,10
t7 t30 t17 t1 t17 t1 t46 t2 t18 t39,9.0,1.0,positive,10
t7 t30 t17 t1 t17 t1 t39 t10 t18 t46,9.0,1.0,positive,10
t5 t30 t1 t17 t14 t20 t20 t15 t17 t17,,,negative,10
t7 t39 t17 t14 t17 t38 t17 t16 t42 t2,,,negative,10
t16 t14 t5 t1 t20 t7 t46 t46 t12 t1,,,negative,10
t20 t7 t15 t17 t17 t2 t10 t5 t34 t14,,,negative,10
t39 t38 t25 t39 t38 t46 t20 t46 t46 t7,,,negative,10
t14 t17 t15 t46 t17 t34 t34 t10 t39 t20,,,negative,10
t7 t15 t20 t34 t46 t15 t38 t25 t10 t25,,,negative,10
t20 t30 t16 t1 t30 t20 t7 t42 t34 t25,,,negative,10
t1 t17 t34 t25 t34 t38 t20 t39 t25 t12,,,negative,10
t15 t39 t30 t17 t18 t16 t2 t30 t38 t14,,,negative,10
t7 t15 t5 t17 t1 t17 t1 t39 t10 t18 t39,9.0,1.0,positive,11
t34 t15 t5 t17 t1 t17 t1 t46 t10 t18 t46,9.0,1.0,positive,11
t7 t15 t5 t17 t1 t17 t1 t39 t42 t18 t39,9.0,1.0,positive,11
t34 t15 t5 t17 t1 t17 t1 t46 t42 t18 t39,9.0,1.0,positive,11
t7 t15 t5 t17 t1 t17 t1 t46 t42 t18 t39,9.0,1.0,positive,11
t34 t15 t5 t17 t1 t17 t1 t39 t10 t18 t46,9.0,1.0,positive,11
t34 t15 t5 t17 t1 t17 t1 t46 t42 t18 t46,9.0,1.0,positive,11
t7 t15 t5 t17 t1 t17 t1 t39 t42 t18 t46,9.0,1.0,positive,11
t7 t15 t5 t17 t1 t17 t1 t39 t2 t18 t39,9.0,1.0,positive,11
t7 t15 t5 t17 t1 t17 t1 t46 t10 t18 t46,9.0,1.0,positive,11
t2 t12 t17 t10 t17 t38 t20 t5 t42 t10 t5,,,negative,11
t39 t20 t7 t16 t38 t15 t18 t46 t12 t1 t10,,,negative,11
t20 t34 t20 t20 t16 t42 t16 t25 t34 t39 t46,,,negative,11
t46 t10 t38 t1 t30 t30 t17 t2 t42 t39 t16,,,negative,11
t7 t15 t10 t15 t17 t38 t17 t46 t39 t5 t10,,,negative,11
t15 t38 t2 t18 t25 t25 t5 t2 t18 t42 t1,,,negative,11
t10 t18 t25 t42 t30 t17 t2 t12 t2 t14 t38,,,negative,11
t30 t5 t16 t15 t2 t16 t17 t10 t16 t5 t2,,,negative,11
t20 t25 t25 t20 t15 t5 t16 t18 t42 t2 t20,,,negative,11
t1 t12 t17 t25 t18 t5 t42 t34 t14 t30 t30,,,negative,11
t34 t42 t42 t39 t5 t7 t25 t16 t12 t39 t39 t30,,,negative,12
t20 t7 t2 t14 t20 t1 t12 t12 t18 t15 t25 t16,,,negative,12
t20 t20 t17 t12 t14 t38 t38 t5 t20 t46 t10 t16,,,negative,12
t15 t38 t2 t20 t15 t16 t30 t16 t38 t15 t10 t30,,,negative,12
t5 t30 t34 t42 t38 t16 t46 t14 t7 t38 t38 t34,,,negative,12
t15 t2 t30 t25 t46 t2 t10 t38 t30 t39 t15 t15,,,negative,12
t7 t39 t14 t42 t16 t16 t12 t34 t38 t18 t46 t14,,,negative,12
t12 t38 t38 t42 t2 t2 t25 t16 t12 t17 t15 t30,,,negative,12
t10 t2 t12 t46 t30 t12 t12 t42 t17 t7 t17 t46,,,negative,12
t34 t15 t46 t20 t1 t2 t5 t20 t42 t15 t25 t38,,,negative,12
t30 t46 t1 t14 t5 t30 t10 t16 t12 t7 t17 t42 t1,,,negative,13
t17 t16 t38 t14 t15 t10 t10 t39 t18 t7 t30 t7 t18,,,negative,13
t2 t18 t42 t12 t30 t38 t39 t10 t25 t5 t7 t38 t42,,,negative,13
t25 t38 t17 t2 t14 t38 t16 t2 t2 t30 t46 t42 t5,,,negative,13
t12 t42 t15 t15 t20 t34 t20 t20 t2 t39 t20 t25 t16,,,negative,13
t16 t10 t38 t15 t15 t34 t30 t18 t39 t5 t17 t5 t2,,,negative,13
t14 t1 t17 t1 t17 t2 t2 t42 t1 t18 t10 t42 t30,,,negative,13
t14 t38 t5 t1 t38 t25 t1 t12 t34 t2 t12 t1 t38,,,negative,13
t39 t38 t46 t7 t15 t7 t15 t25 t38 t1 t39 t25 t34,,,negative,13
t7 t17 t34 t34 t1 t15 t30 t39 t38 t7 t1 t34 t34,,,negative,13
t18 t12 t14 t42 t46 t25 t16 t2 t34 t39 t10 t30 t34 t15,,,negative,14
t12 t5 t17 t42 t5 t10 t10 t14 t39 t38 t14 t16 t5 t12,,,negative,14
t18 t38 t10 t30 t2 t12 t18 t17 t2 t20 t5 t20 t17 t42,,,negative,14
t16 t34 t16 t17 t34 t17 t39 t10 t20 t16 t7 t5 t10 t34,,,negative,14
t46 t42 t5 t18 t17 t42 t39 t18 t16 t17 t15 t2 t12 t39,,,negative,14
t12 t30 t10 t17 t18 t17 t17 t25 t10 t7 t7 t25 t5 t2,,,negative,14
t15 t38 t2 t20 t7 t20 t14 t5 t34 t12 t15 t7 t7 t12,,,negative,14
t2 t10 t12 t38 t5 t46 t5 t39 t17 t20 t10 t1 t30 t18,,,negative,14
t34 t5 t10 t16 t46 t20 t39 t20 t20 t7 t30 t1 t46 t2,,,negative,14
t2 t18 t17 t16 t30 t1 t5 t12 t34 t18 t20 t5 t1 t42,,,negative,14
t17 t39 t30 t20 t7 t10 t5 t42 t38 t1 t18 t38 t5 t30 t39,,,negative,15
t42 t34 t12 t5 t5 t17 t42 t2 t16 t34 t2 t38 t14 t30 t20,,,negative,15
t42 t34 t39 t25 t30 t39 t39 t20 t7 t15 t20 t10 t42 t10 t38,,,negative,15
t15 t39 t15 t39 t5 t42 t34 t15 t25 t25 t1 t42 t25 t46 t20,,,negative,15
t10 t2 t20 t25 t18 t30 t25 t10 t1 t38 t46 t18 t30 t14 t16,,,negative,15
t46 t1 t34 t25 t34 t16 t38 t46 t7 t14 t14 t14 t5 t34 t38,,,negative,15
t17 t16 t5 t14 t20 t1 t17 t1 t1 t1 t20 t16 t46 t18 t12,,,negative,15
t7 t20 t34 t16 t10 t5 t20 t7 t38 t38 t17 t15 t39 t38 t39,,,negative,15
t15 t10 t38 t16 t5 t5 t2 t39 t30 t10 t12 t20 t15 t17 t12,,,negative,15
t42 t17 t12 t14 t30 t1 t46 t46 t34 t12 t15 t34 t10 t42 t38,,,negative,15
t18 t15 t46 t39 t30 t1 t16 t15 t10 t10 t20 t1 t20 t38 t12 t38,,,negative,16
t38 t42 t25 t7 t34 t25 t1 t38 t20 t14 t38 t25 t15 t5 t42 t34,,,negative,16
t7 t10 t42 t5 t5 t7 t46 t38 t42 t39 t1 t39 t7 t38 t14 t12,,,negative,16
t12 t15 t16 t7 t30 t1 t38 t18 t39 t46 t20 t38 t15 t2 t20 t10,,,negative,16
t20 t20 t17 t16 t30 t20 t20 t7 t7 t15 t5 t1 t7 t2 t2 t7,,,negative,16
t46 t16 t38 t5 t16 t38 t14 t2 t10 t15 t14 t2 t10 t12 t12 t39,,,negative,16
t1 t38 t12 t14 t18 t39 t1 t10 t5 t46 t39 t1 t20 t17 t20 t39,,,negative,16
t2 t25 t34 t7 t14 t30 t39 t7 t39 t5 t7 t15 t20 t38 t1 t1,,,negative,16
t20 t20 t18 t7 t25 t16 t12 t25 t18 t38 t18 t16 t2 t12 t15 t42,,,negative,16
t10 t12 t2 t34 t17 t12 t7 t16 t5 t34 t7 t18 t25 t2 t38 t25,,,negative,16
t5 t17 t34 t30 t46 t14 t7 t5 t18 t38 t17 t2 t7 t15 t7 t34 t25,,,negative,17
t2 t30 t38 t1 t7 t16 t10 t12 t14 t5 t17 t1 t25 t25 t12 t15 t10,,,negative,17
t17 t15 t46 t34 t46 t46 t25 t38 t18 t39 t10 t20 t1 t5 t39 t25 t12,,,negative,17
t46 t10 t42 t20 t10 t5 t46 t7 t30 t5 t39 t42 t16 t20 t18 t1 t18,,,negative,17
t7 t15 t10 t12 t15 t2 t15 t38 t46 t39 t16 t42 t34 t39 t7 t17 t16,,,negative,17
t7 t10 t2 t17 t38 t10 t16 t46 t5 t34 t5 t1 t39 t34 t25 t10 t30,,,negative,17
t25 t39 t39 t5 t10 t10 t14 t7 t20 t10 t46 t12 t7 t2 t15 t25 t15,,,negative,17
t14 t39 t12 t1 t18 t2 t38 t30 t46 t2 t5 t2 t46 t30 t10 t42 t2,,,negative,17
t34 t12 t14 t34 t25 t46 t16 t15 t18 t42 t1 t39 t1 t15 t14 t12 t30,,,negative,17
t39 t1 t5 t30 t18 t25 t12 t12 t14 t15 t12 t39 t10 t16 t16 t1 t34,,,negative,17
t34 t25 t34 t7 t12 t25 t2 t14 t7 t17 t2 t42 t46 t39 t5 t38 t5 t7,,,negative,18
t14 t5 t42 t10 t46 t34 t18 t15 t42 t5 t2 t38 t20 t34 t25 t16 t34 t5,,,negative,18
t20 t18 t34 t17 t46 t15 t20 t42 t12 t25 t10 t25 t20 t12 t5 t17 t46 t10,,,negative,18
t14 t1 t10 t18 t20 t17 t17 t39 t7 t15 t2 t18 t5 t2 t14 t14 t15 t18,,,negative,18
t46 t18 t7 t42 t18 t17 t46 t2 t1 t17 t10 t39 t15 t15 t39 t20 t20 t38,,,negative,18
t2 t18 t10 t16 t38 t12 t7 t30 t20 t30 t42 t2 t38 t2 t39 t7 t7 t17,,,negative,18
t7 t38 t5 t12 t15 t2 t46 t18 t18 t25 t18 t16 t42 t18 t10 t16 t18 t38,,,negative,18
t34 t39 t12 t10 t2 t46 t18 t39 t20 t17 t10 t42 t18 t1 t42 t14 t2 t17,,,negative,18
t5 t15 t1 t34 t1 t25 t46 t5 t30 t25 t39 t18 t2 t20 t10 t10 t2 t2,,,negative,18
t15 t5 t18 t12 t42 t2 t38 t18 t2 t7 t14 t16 t38 t34 t2 t1 t46 t38,,,negative,18
t25 t42 t18 t10 t38 t20 t1 t39 t42 t12 t25 t5 t38 t17 t25 t18 t42 t2 t1,,,negative,19
t12 t16 t7 t16 t39 t16 t15 t17 t1 t34 t38 t30 t39 t17 t38 t7 t17 t14 t14,,,negative,19
t42 t18 t18 t42 t12 t34 t38 t12 t38 t1 t1 t5 t14 t14 t12 t16 t10 t12 t17,,,negative,19
t16 t1 t39 t25 t2 t10 t12 t7 t30 t38 t39 t1 t20 t20 t14 t18 t1 t7 t12,,,negative,19
t2 t5 t38 t42 t20 t7 t14 t16 t25 t42 t1 t34 t12 t25 t15 t46 t38 t42 t39,,,negative,19
t46 t34 t20 t20 t12 t2 t14 t1 t1 t16 t12 t18 t20 t34 t42 t18 t15 t38 t25,,,negative,19
t20 t16 t38 t39 t14 t7 t25 t34 t46 t18 t46 t15 t12 t5 t5 t14 t10 t46 t42,,,negative,19
t25 t17 t14 t34 t20 t42 t12 t14 t10 t30 t15 t39 t15 t14 t25 t15 t42 t25 t15,,,negative,19
t16 t1 t20 t25 t12 t12 t20 t18 t10 t39 t46 t46 t17 t25 t46 t38 t15 t10 t15,,,negative,19
t16 t38 t15 t30 t38 t5 t10 t1 t15 t42 t18 t18 t17 t7 t20 t39 t14 t5 t38,,,negative,19
t1 t39 t5 t17 t16 t25 t20 t34 t34 t1 t30 t38 t30 t42 t46 t10 t16 t46 t18 t20,,,negative,20
t30 t2 t1 t34 t18 t12 t17 t16 t10 t42 t17 t25 t17 t17 t42 t30 t14 t46 t15 t17,,,negative,20
t38 t16 t42 t20 t42 t34 t42 t17 t14 t38 t20 t16 t14 t5 t2 t30 t25 t34 t14 t12,,,negative,20
t1 t12 t15 t5 t42 t14 t25 t16 t10 t17 t46 t20 t30 t38 t10 t20 t10 t46 t20 t38,,,negative,20
t39 t5 t2 t30 t10 t12 t10 t1 t20 t14 t14 t18 t39 t12 t18 t39 t46 t18 t12 t1,,,negative,20
t16 t16 t14 t14 t14 t14 t30 t2 t5 t34 t1 t30 t5 t34 t39 t17 t18 t42 t42 t10,,,negative,20
t10 t16 t18 t2 t10 t15 t25 t15 t2 t15 t1 t15 t42 t20 t25 t18 t17 t38 t18 t38,,,negative,20
t15 t10 t12 t16 t10 t2 t15 t5 t5 t10 t38 t39 t34 t39 t25 t5 t14 t5 t1 t42,,,negative,20
t25 t17 t17 t16 t10 t7 t17 t30 t17 t46 t12 t38 t18 t38 t10 t1 t38 t14 t5 t34,,,negative,20
t17 t39 t2 t42 t18 t30 t18 t39 t12 t46 t46 t7 t1 t42 t16 t39 t5 t34 t20 t30,,,negative,20
t16 t25 t46 t20 t2 t38 t18 t25 t14 t38 t25 t46 t46 t46 t20 t2 t10 t14 t42 t25 t17,,,negative,21
t1 t42 t46 t20 t14 t39 t30 t30 t7 t12 t1 t2 t30 t10 t25 t39 t46 t34 t34 t12 t30,,,negative,21
t39 t18 t5 t15 t20 t30 t7 t25 t17 t46 t2 t14 t39 t14 t30 t10 t7 t42 t12 t38 t17,,,negative,21
t20 t12 t20 t14 t42 t16 t18 t10 t17 t42 t2 t34 t46 t10 t46 t5 t2 t20 t25 t10 t34,,,negative,21
t7 t14 t2 t20 t20 t42 t1 t30 t1 t5 t20 t2 t17 t10 t30 t7 t38 t20 t14 t16 t39,,,negative,21
t17 t1 t42 t16 t18 t17 t39 t46 t39 t25 t16 t25 t25 t7 t15 t39 t12 t46 t25 t7 t46,,,negative,21
t38 t18 t17 t25 t38 t1 t25 t10 t38 t12 t38 t18 t15 t20 t12 t20 t1 t17 t1 t15 t10,,,negative,21
t42 t7 t5 t2 t46 t17 t46 t14 t14 t10 t7 t30 t38 t1 t39 t20 t18 t42 t7 t34 t20,,,negative,21
t30 t34 t2 t38 t5 t25 t30 t2 t2 t17 t14 t42 t39 t10 t20 t18 t20 t10 t15 t30 t34,,,negative,21
t39 t18 t16 t1 t1 t30 t2 t15 t25 t39 t20 t20 t20 t14 t42 t5 t18 t1 t15 t10 t5,,,negative,21
t16 t12 t15 t14 t34 t14 t16 t30 t15 t16 t34 t5 t7 t15 t38 t38 t42 t14 t15 t10 t1 t5,,,negative,22
t18 t38 t7 t18 t39 t16 t34 t46 t25 t14 t7 t34 t30 t30 t15 t38 t1 t14 t10 t14 t38 t38,,,negative,22
t10 t2 t7 t7 t14 t14 t20 t14 t7 t12 t39 t17 t7 t15 t18 t46 t7 t25 t42 t7 t10 t14,,,negative,22
t30 t38 t16 t14 t2 t46 t14 t30 t20 t16 t14 t39 t42 t15 t20 t30 t25 t10 t42 t38 t7 t25,,,negative,22
t34 t46 t39 t2 t10 t15 t2 t17 t38 t2 t5 t39 t30 t25 t18 t25 t7 t38 t2 t25 t1 t42,,,negative,22
t18 t46 t15 t12 t25 t38 t10 t18 t2 t7 t1 t18 t17 t25 t12 t5 t30 t7 t15 t16 t25 t2,,,negative,22
t42 t46 t12 t15 t18 t30 t10 t42 t39 t5 t7 t25 t42 t17 t5 t12 t34 t17 t12 t46 t20 t39,,,negative,22
t16 t14 t5 t15 t17 t20 t17 t39 t16 t16 t12 t10 t14 t14 t30 t30 t1 t25 t14 t42 t12 t25,,,negative,22
t15 t12 t7 t38 t18 t12 t2 t17 t46 t15 t38 t46 t14 t14 t1 t15 t10 t16 t1 t46 t1 t5,,,negative,22
t14 t12 t14 t20 t1 t5 t42 t10 t18 t14 t17 t20 t18 t10 t1 t14 t42 t25 t46 t2 t17 t34,,,negative,22
t25 t5 t1 t16 t15 t15 t42 t2 t25 t42 t25 t39 t5 t25 t7 t16 t16 t38 t17 t2 t5 t18 t12,,,negative,23
t7 t34 t1 t17 t25 t34 t12 t16 t17 t38 t10 t10 t7 t46 t7 t17 t34 t34 t20 t14 t1 t12 t15,,,negative,23
t2 t20 t30 t46 t34 t34 t7 t1 t46 t30 t46 t7 t15 t34 t38 t7 t30 t5 t15 t17 t12 t17 t17,,,negative,23
t2 t15 t42 t17 t14 t46 t34 t10 t14 t1 t15 t15 t1 t5 t39 t15 t7 t15 t34 t2 t1 t12 t30,,,negative,23
t12 t12 t42 t17 t46 t20 t10 t14 t25 t42 t20 t34 t30 t7 t30 t5 t14 t15 t38 t34 t16 t15 t46,,,negative,23
t16 t38 t25 t25 t20 t46 t20 t20 t14 t34 t2 t10 t18 t16 t25 t25 t38 t12 t30 t30 t46 t2 t14,,,negative,23
t16 t17 t30 t7 t39 t39 t34 t7 t46 t42 t30 t5 t30 t12 t39 t16 t46 t7 t1 t17 t17 t14 t20,,,negative,23
t2 t30 t12 t7 t42 t30 t12 t7 t39 t1 t1 t38 t14 t10 t20 t25 t46 t1 t2 t25 t2 t38 t5,,,negative,23
t18 t2 t20 t15 t18 t15 t16 t39 t17 t5 t30 t25 t17 t17 t10 t5 t38 t39 t20 t16 t5 t5 t38,,,negative,23
t10 t39 t2 t30 t16 t1 t16 t18 t14 t18 t39 t16 t17 t5 t46 t39 t14 t10 t5 t12 t7 t39 t1,,,negative,23
t5 t10 t7 t2 t42 t42 t12 t42 t12 t34 t14 t7 t30 t34 t1 t42 t14 t2 t39 t7 t15 t17 t25 t1,,,negative,24
t12 t38 t25 t20 t25 t12 t42 t14 t10 t42 t12 t12 t30 t39 t30 t46 t12 t7 t42 t2 t12 t5 t46 t17,,,negative,24
t15 t10 t2 t14 t7 t17 t2 t1 t5 t14 t34 t2 t39 t18 t39 t12 t1 t38 t42 t7 t16 t30 t14 t20,,,negative,24
t7 t15 t17 t46 t5 t38 t25 t46 t1 t1 t17 t20 t7 t16 t5 t10 t38 t30 t10 t5 t12 t46 t2 t1,,,negative,24
t2 t30 t15 t16 t12 t16 t15 t30 t5 t20 t15 t1 t17 t25 t7 t25 t15 t18 t20 t46 t17 t14 t38 t10,,,negative,24
t16 t46 t2 t15 t42 t15 t12 t12 t12 t25 t38 t7 t18 t42 t10 t34 t30 t1 t34 t34 t20 t38 t17 t25,,,negative,24
t42 t15 t38 t12 t5 t42 t14 t16 t5 t46 t46 t7 t25 t18 t42 t25 t46 t7 t7 t46 t46 t12 t18 t12,,,negative,24
t1 t17 t34 t17 t12 t42 t34 t34 t1 t46 t16 t18 t25 t5 t12 t38 t1 t46 t1 t14 t14 t1 t12 t2,,,negative,24
t7 t39 t2 t42 t20 t5 t12 t42 t18 t7 t7 t12 t16 t42 t15 t39 t10 t17 t7 t30 t1 t38 t14 t20,,,negative,24
t17 t38 t34 t20 t15 t5 t39 t30 t30 t20 t14 t14 t16 t34 t30 t42 t25 t10 t14 t2 t30 t46 t12 t18,,,negative,24
t1 t1 t34 t38 t12 t34 t12 t16 t12 t10 t5 t42 t25 t30 t39 t12 t20 t38 t42 t7 t14 t15 t20 t5 t46,,,negative,25
t12 t39 t15 t12 t16 t39 t12 t15 t25 t10 t1 t15 t38 t20 t5 t1 t42 t34 t18 t2 t38 t5 t30 t34 t15,,,negative,25
t7 t14 t39 t14 t7 t42 t42 t12 t38 t12 t46 t42 t25 t2 t15 t18 t2 t1 t1 t46 t2 t14 t46 t15 t14,,,negative,25
t17 t12 t1 t20 t42 t5 t12 t30 t34 t25 t34 t10 t20 t30 t17 t17 t2 t7 t30 t18 t12 t42 t7 t38 t18,,,negative,25
t38 t38 t42 t15 t42 t38 t25 t46 t17 t15 t38 t39 t7 t16 t38 t12 t7 t15 t25 t42 t15 t7 t1 t1 t38,,,negative,25
t42 t18 t25 t14 t5 t14 t39 t14 t7 t46 t25 t20 t38 t14 t20 t15 t2 t2 t1 t39 t34 t20 t16 t5 t1,,,negative,25
t7 t34 t30 t16 t20 t46 t42 t15 t38 t18 t1 t39 t16 t30 t16 t2 t12 t17 t14 t46 t18 t20 t7 t1 t10,,,negative,25
t20 t25 t42 t18 t38 t12 t38 t16 t34 t34 t16 t38 t14 t16 t14 t25 t12 t14 t18 t30 t12 t16 t25 t10 t2,,,negative,25
t42 t25 t14 t46 t5 t5 t20 t5 t46 t16 t7 t12 t46 t14 t16 t25 t2 t17 t16 t12 t17 t10 t42 t15 t18,,,negative,25
t46 t15 t16 t16 t42 t5 t1 t14 t1 t7 t34 t20 t14 t2 t15 t38 t16 t12 t5 t7 t7 t38 t17 t2 t42,,,negative,25
t1 t20 t14 t46 t14 t20 t1 t14 t10 t12 t16 t38 t20 t12 t17 t12 t1 t5 t17 t5 t2 t25 t42 t12 t10 t38,,,negative,26
t17 t12 t25 t15 t39 t25 t17 t12 t1 t1 t42 t12 t38 t46 t46 t46 t20 t39 t1 t2 t10 t25 t12 t5 t39 t34,,,negative,26
t46 t38 t10 t17 t30 t25 t12 t25 t1 t25 t14 t18 t25 t5 t18 t10 t15 t17 t18 t25 t25 t7 t5 t30 t39 t5,,,negative,26
t10 t38 t18 t38 t1 t39 t17 t25 t14 t20 t15 t25 t20 t16 t14 t46 t16 t20 t15 t2 t5 t5 t18 t42 t10 t25,,,negative,26
t7 t39 t14 t17 t15 t14 t17 t46 t46 t14 t15 t12 t25 t10 t2 t16 t12 t25 t38 t38 t16 t42 t42 t5 t1 t16,,,negative,26
t16 t10 t39 t10 t25 t14 t20 t10 t2 t46 t16 t39 t38 t20 t16 t18 t7 t25 t20 t17 t10 t1 t39 t18 t5 t16,,,negative,26
t14 t18 t20 t30 t1 t15 t10 t14 t1 t12 t12 t34 t10 t42 t38 t42 t30 t10 t5 t1 t16 t18 t10 t20 t46 t30,,,negative,26
t17 t15 t18 t39 t30 t46 t18 t20 t34 t5 t12 t10 t17 t34 t46 t5 t18 t17 t2 t12 t15 t42 t18 t30 t30 t46,,,negative,26
t5 t16 t16 t39 t15 t38 t38 t15 t7 t5 t46 t10 t38 t1 t17 t15 t17 t30 t30 t25 t38 t18 t20 t16 t34 t17,,,negative,26
t46 t38 t39 t16 t20 t7 t46 t17 t20 t17 t38 t5 t1 t18 t1 t46 t5 t14 t7 t2 t5 t38 t42 t12 t46 t1,,,negative,26
t20 t7 t18 t10 t42 t15 t5 t34 t20 t10 t10 t30 t25 t14 t18 t39 t12 t16 t30 t39 t10 t5 t2 t10 t14 t38 t12,,,negative,27
t7 t16 t12 t12 t17 t42 t46 t15 t16 t15 t25 t5 t17 t5 t39 t12 t12 t1 t2 t20 t34 t34 t34 t14 t1 t15 t7,,,negative,27
t16 t10 t16 t5 t16 t5 t42 t38 t1 t7 t12 t1 t2 t2 t38 t15 t2 t46 t39 t16 t15 t1 t14 t12 t5 t30 t39,,,negative,27
t15 t2 t38 t5 t25 t30 t14 t12 t12 t15 t34 t16 t39 t14 t16 t30 t2 t39 t38 t39 t15 t14 t14 t39 t42 t38 t16,,,negative,27
t12 t30 t1 t30 t1 t38 t16 t17 t30 t39 t39 t38 t16 t18 t25 t30 t12 t17 t38 t42 t12 t42 t34 t10 t12 t20 t34,,,negative,27
t16 t34 t30 t42 t18 t10 t15 t17 t38 t12 t30 t14 t16 t16 t18 t30 t14 t18 t14 t5 t12 t39 t14 t10 t42 t12 t34,,,negative,27
t38 t15 t20 t30 t18 t10 t38 t12 t15 t18 t16 t42 t1 t20 t18 t7 t38 t39 t46 t46 t10 t20 t1 t7 t16 t38 t18,,,negative,27
t5 t14 t7 t15 t46 t10 t5 t18 t39 t14 t16 t10 t42 t14 t5 t15 t34 t5 t2 t18 t25 t30 t18 t2 t7 t17 t14,,,negative,27
t18 t42 t12 t12 t18 t5 t14 t20 t38 t16 t17 t38 t15 t5 t15 t1 t34 t1 t34 t38 t42 t1 t2 t17 t7 t7 t38,,,negative,27
t1 t18 t39 t12 t39 t38 t2 t42 t46 t12 t18 t14 t34 t25 t42 t15 t1 t16 t2 t16 t5 t7 t15 t34 t5 t14 t46,,,negative,27
t10 t20 t42 t34 t1 t34 t30 t1 t15 t34 t17 t18 t39 t10 t42 t7 t25 t2 t16 t1 t5 t1 t39 t17 t1 t30 t17 t7,,,negative,28
t17 t12 t7 t7 t12 t10 t42 t38 t30 t39 t46 t39 t39 t30 t15 t14 t39 t2 t2 t5 t12 t25 t39 t42 t14 t42 t1 t18,,,negative,28
t20 t17 t7 t42 t39 t42 t2 t20 t12 t42 t38 t39 t17 t18 t25 t16 t42 t20 t16 t14 t17 t15 t7 t39 t2 t46 t39 t17,,,negative,28
t16 t10 t16 t12 t25 t25 t25 t30 t39 t15 t25 t20 t1 t12 t14 t18 t15 t5 t7 t1 t18 t2 t16 t38 t7 t2 t30 t30,,,negative,28
t46 t14 t7 t39 t39 t16 t17 t39 t10 t1 t38 t12 t39 t17 t5 t2 t5 t12 t34 t17 t38 t7 t42 t38 t1 t5 t5 t42,,,negative,28
t7 t38 t18 t46 t16 t17 t15 t34 t17 t15 t20 t39 t39 t20 t12 t17 t2 t2 t15 t2 t1 t15 t17 t16 t18 t18 t16 t12,,,negative,28
t2 t16 t14 t39 t34 t10 t17 t25 t46 t38 t39 t1 t39 t15 t34 t34 t46 t39 t10 t10 t15 t20 t25 t1 t10 t2 t34 t39,,,negative,28
t1 t10 t15 t20 t46 t10 t7 t30 t38 t1 t42 t39 t30 t1 t16 t12 t16 t38 t25 t10 t12 t15 t12 t2 t39 t20 t38 t38,,,negative,28
t30 t17 t12 t5 t7 t16 t17 t1 t20 t10 t5 t46 t12 t42 t46 t1 t42 t30 t42 t16 t18 t12 t30 t34 t25 t42 t39 t20,,,negative,28
t34 t12 t20 t38 t14 t12 t5 t12 t2 t15 t15 t15 t34 t38 t15 t5 t2 t5 t20 t1 t20 t39 t1 t38 t30 t12 t25 t30,,,negative,28
t10 t20 t10 t14 t25 t46 t46 t25 t42 t25 t46 t25 t30 t20 t1 t1 t14 t10 t16 t38 t14 t16 t15 t16 t16 t34 t1 t14 t38,,,negative,29
t17 t10 t12 t7 t38 t25 t10 t1 t1 t1 t15 t38 t30 t1 t16 t30 t7 t14 t10 t12 t18 t39 t2 t38 t17 t20 t2 t20 t7,,,negative,29
t14 t42 t46 t14 t46 t17 t46 t30 t30 t1 t38 t15 t5 t16 t10 t17 t12 t5 t30 t14 t34 t15 t46 t12 t20 t10 t20 t2 t12,,,negative,29
t1 t34 t42 t2 t17 t15 t42 t39 t15 t5 t25 t38 t25 t17 t16 t1 t42 t12 t16 t18 t15 t34 t15 t1 t2 t16 t17 t2 t17,,,negative,29
t42 t30 t20 t7 t2 t2 t10 t16 t20 t42 t14 t10 t25 t38 t7 t42 t34 t17 t42 t5 t30 t46 t17 t1 t42 t46 t39 t15 t20,,,negative,29
t25 t16 t16 t7 t39 t7 t18 t42 t12 t12 t42 t7 t30 t15 t16 t30 t38 t25 t14 t38 t38 t30 t17 t20 t30 t1 t25 t1 t12,,,negative,29
t12 t12 t42 t42 t25 t38 t42 t42 t16 t34 t17 t7 t39 t2 t5 t42 t39 t25 t15 t16 t20 t12 t5 t12 t34 t17 t5 t15 t14,,,negative,29
t12 t42 t20 t20 t20 t16 t16 t25 t30 t17 t25 t39 t34 t1 t46 t42 t39 t38 t18 t5 t39 t39 t38 t12 t14 t2 t20 t42 t30,,,negative,29
t10 t5 t14 t14 t39 t46 t16 t18 t25 t17 t38 t16 t46 t10 t25 t30 t20 t10 t14 t30 t34 t20 t34 t12 t25 t1 t16 t30 t34,,,negative,29
t46 t2 t7 t18 t30 t16 t39 t18 t38 t10 t38 t2 t16 t1 t42 t1 t25 t18 t12 t5 t14 t18 t5 t18 t1 t16 t38 t38 t1,,,negative,29
t15 t15 t7 t20 t15 t12 t2 t12 t34 t18 t10 t17 t25 t2 t1 t17 t2 t15 t30 t7 t46 t12 t12 t25 t12 t1 t7 t12 t17 t16,,,negative,30
t1 t20 t42 t39 t42 t18 t34 t17 t38 t38 t7 t7 t14 t18 t1 t16 t12 t17 t20 t34 t17 t10 t20 t38 t16 t14 t30 t14 t12 t10,,,negative,30
t20 t2 t46 t18 t10 t42 t18 t30 t34 t34 t30 t15 t39 t20 t17 t34 t12 t39 t15 t38 t5 t2 t14 t25 t25 t46 t14 t5 t17 t18,,,negative,30
t12 t38 t5 t30 t42 t10 t1 t12 t1 t34 t15 t18 t25 t39 t14 t25 t18 t30 t7 t5 t5 t42 t39 t15 t25 t20 t14 t2 t14 t5,,,negative,30
t14 t14 t46 t12 t39 t34 t16 t46 t7 t30 t34 t15 t1 t7 t7 t15 t34 t16 t38 t12 t30 t2 t15 t20 t12 t25 t38 t1 t38 t7,,,negative,30
t10 t2 t46 t38 t7 t2 t7 t7 t5 t7 t18 t25 t12 t30 t42 t5 t46 t12 t38 t14 t30 t30 t34 t5 t5 t1 t10 t7 t1 t18,,,negative,30
t18 t18 t39 t39 t7 t39 t2 t10 t12 t46 t14 t42 t12 t46 t42 t16 t14 t30 t25 t17 t1 t42 t14 t7 t15 t18 t42 t39 t7 t17,,,negative,30
t30 t12 t1 t16 t1 t18 t38 t39 t2 t1 t18 t20 t30 t25 t42 t12 t2 t38 t2 t10 t38 t12 t16 t30 t46 t25 t42 t14 t46 t10,,,negative,30
t5 t18 t10 t20 t17 t34 t25 t34 t42 t46 t10 t39 t10 t15 t17 t7 t42 t12 t10 t34 t15 t16 t5 t42 t7 t5 t18 t25 t34 t30,,,negative,30
t20 t15 t5 t10 t20 t18 t14 t30 t25 t42 t25 t12 t42 t10 t16 t7 t38 t46 t5 t7 t39 t5 t1 t17 t12 t20 t42 t14 t15 t46,,,negative,30
t46 t10 t46 t17 t12 t30 t14 t30 t25 t5 t7 t16 t16 t10 t38 t34 t18 t30 t10 t34 t39 t20 t12 t2 t42 t34 t17 t46 t10 t34 t15,,,negative,31
t18 t46 t15 t5 t34 t14 t42 t16 t1 t25 t5 t12 t46 t15 t25 t17 t38 t10 t7 t17 t2 t2 t39 t18 t30 t1 t42 t5 t20 t25 t39,,,negative,31
t5 t38 t18 t42 t16 t5 t16 t18 t16 t1 t42 t30 t10 t1 t25 t15 t5 t15 t10 t14 t18 t39 t46 t1 t34 t2 t18 t5 t18 t1 t20,,,negative,31
t7 t42 t34 t7 t42 t7 t15 t12 t38 t17 t7 t2 t17 t10 t34 t39 t5 t7 t17 t10 t39 t18 t7 t17 t38 t2 t2 t18 t12 t34 t7,,,negative,31
t15 t5 t34 t34 t15 t10 t7 t42 t5 t34 t14 t10 t2 t1 t42 t34 t14 t7 t10 t38 t20 t7 t2 t46 t30 t1 t15 t46 t39 t2 t42,,,negative,31
t1 t12 t20 t25 t38 t18 t38 t30 t16 t16 t18 t20 t46 t30 t18 t39 t38 t30 t15 t2 t10 t16 t30 t34 t39 t16 t10 t15 t46 t5 t25,,,negative,31
t42 t34 t12 t34 t17 t16 t1 t30 t25 t7 t12 t39 t15 t17 t17 t14 t38 t17 t25 t7 t39 t15 t25 t18 t17 t2 t7 t10 t20 t46 t10,,,negative,31
t42 t10 t20 t10 t46 t42 t2 t20 t2 t12 t2 t34 t30 t15 t42 t1 t5 t42 t12 t12 t15 t20 t17 t17 t39 t20 t1 t39 t20 t7 t2,,,negative,31
t25 t39 t1 t1 t14 t39 t12 t30 t17 t2 t17 t17 t14 t5 t7 t17 t18 t15 t10 t25 t20 t18 t46 t10 t15 t16 t34 t12 t15 t16 t42,,,negative,31
t34 t15 t20 t5 t16 t20 t25 t2 t17 t2 t30 t17 t5 t1 t12 t25 t10 t20 t42 t20 t10 t10 t10 t14 t25 t39 t39 t5 t1 t39 t7,,,negative,31
t30 t42 t17 t14 t25 t17 t10 t1 t18 t18 t5 t38 t38 t5 t12 t7 t12 t5 t5 t39 t7 t14 t7 t30 t15 t39 t25 t1 t14 t15 t16 t46,,,negative,32
t30 t15 t15 t1 t10 t5 t7 t34 t39 t17 t46 t20 t30 t42 t15 t1 t14 t39 t5 t1 t46 t5 t12 t17 t5 t5 t18 t2 t5 t5 t25 t20,,,negative,32
t14 t30 t46 t14 t14 t34 t14 t42 t38 t17 t39 t30 t10 t7 t20 t25 t38 t10 t5 t25 t7 t7 t42 t2 t10 t42 t38 t34 t25 t17 t17 t30,,,negative,32
t34 t7 t42 t18 t14 t17 t14 t1 t10 t16 t10 t30 t20 t12 t5 t2 t7 t5 t42 t34 t5 t34 t39 t14 t46 t7 t38 t25 t30 t39 t20 t5,,,negative,32
t46 t14 t2 t16 t16 t25 t10 t20 t34 t5 t5 t7 t46 t15 t2 t14 t5 t17 t30 t2 t10 t2 t17 t16 t7 t7 t14 t30 t39 t39 t20 t18,,,negative,32
t46 t18 t1 t10 t16 t39 t17 t16 t1 t17 t42 t10 t20 t1 t10 t10 t20 t17 t12 t34 t25 t1 t15 t16 t30 t17 t2 t42 t2 t1 t10 t16,,,negative,32
t25 t20 t2 t46 t46 t12 t5 t39 t15 t25 t12 t2 t38 t39 t12 t12 t16 t1 t1 t42 t18 t38 t34 t30 t34 t46 t16 t42 t18 t15 t1 t25,,,negative,32
t16 t38 t1 t46 t46 t7 t15 t38 t10 t18 t18 t30 t5 t2 t46 t42 t42 t30 t42 t14 t34 t16 t25 t12 t39 t1 t14 t12 t2 t46 t30 t20,,,negative,32
t25 t30 t20 t5 t10 t17 t38 t30 t42 t46 t38 t12 t2 t38 t46 t1 t46 t12 t12 t18 t16 t14 t15 t5 t17 t16 t20 t42 t39 t20 t17 t12,,,negative,32
t14 t1 t18 t42 t12 t10 t34 t39 t14 t1 t15 t2 t5 t12 t30 t46 t1 t18 t34 t39 t1 t10 t30 t7 t14 t39 t20 t15 t15 t42 t2 t20,,,negative,32
t30 t17 t12 t30 t14 t5 t30 t16 t34 t2 t1 t16 t16 t14 t38 t1 t42 t2 t42 t16 t18 t39 t2 t25 t15 t42 t15 t17 t42 t34 t2 t16 t14,,,negative,33
t15 t38 t15 t34 t39 t30 t14 t5 t38 t10 t14 t18 t15 t46 t38 t42 t18 t17 t15 t2 t30 t46 t1 t20 t12 t42 t14 t20 t18 t18 t1 t10 t1,,,negative,33
t46 t42 t15 t12 t38 t16 t10 t38 t2 t20 t12 t1 t18 t20 t20 t5 t34 t14 t18 t42 t18 t17 t15 t12 t10 t25 t7 t15 t25 t5 t42 t25 t5,,,negative,33
t2 t20 t7 t10 t46 t2 t18 t5 t16 t25 t18 t42 t38 t15 t1 t5 t7 t38 t7 t25 t20 t15 t2 t16 t39 t20 t12 t20 t7 t14 t18 t46 t18,,,negative,33
t2 t25 t5 t14 t25 t14 t30 t5 t34 t18 t38 t10 t14 t46 t42 t38 t14 t38 t1 t17 t42 t38 t14 t39 t2 t15 t16 t5 t2 t10 t30 t42 t12,,,negative,33
t17 t34 t39 t17 t16 t5 t5 t42 t15 t10 t5 t7 t18 t25 t1 t17 t34 t10 t30 t16 t1 t14 t1 t38 t25 t39 t10 t46 t14 t16 t7 t17 t5,,,negative,33
t1 t7 t1 t46 t25 t14 t34 t5 t30 t2 t7 t18 t1 t2 t16 t16 t17 t30 t30 t5 t14 t10 t18 t5 t18 t14 t34 t10 t1 t30 t39 t7 t14,,,negative,33
t1 t42 t38 t34 t25 t5 t14 t18 t2 t25 t1 t20 t46 t5 t2 t39 t17 t15 t17 t34 t12 t16 t7 t46 t39 t34 t30 t46 t5 t2 t1 t18 t34,,,negative,33
t10 t20 t39 t18 t34 t30 t25 t16 t25 t5 t30 t12 t30 t2 t7 t46 t20 t1 t46 t10 t25 t25 t18 t7 t38 t1 t7 t46 t5 t5 t10 t18 t15,,,negative,33
t17 t14 t30 t14 t2 t42 t20 t30 t20 t18 t25 t17 t46 t16 t10 t25 t12 t30 t42 t14 t5 t16 t20 t30 t1 t10 t7 t5 t30 t1 t1 t5 t12,,,negative,33
t7 t2 t12 t7 t20 t20 t16 t39 t16 t7 t39 t34 t10 t20 t25 t12 t7 t34 t7 t42 t1 t20 t16 t14 t1 t30 t46 t1 t42 t25 t16 t10 t14 t7,,,negative,34
t20 t10 t10 t39 t38 t17 t2 t7 t15 t17 t16 t42 t38 t2 t10 t16 t15 t20 t18 t5 t10 t17 t16 t7 t14 t42 t34 t1 t10 t16 t20 t30 t2 t16,,,negative,34
t25 t7 t2 t14 t34 t16 t10 t38 t39 t20 t42 t20 t5 t2 t15 t42 t2 t42 t5 t34 t25 t30 t38 t16 t39 t42 t17 t14 t15 t30 t16 t46 t42 t12,,,negative,34
t42 t25 t16 t2 t34 t14 t46 t10 t39 t46 t39 t7 t30 t34 t25 t42 t15 t14 t10 t7 t16 t38 t17 t38 t12 t25 t34 t2 t18 t2 t5 t10 t5 t20,,,negative,34
t15 t14 t16 t30 t34 t34 t34 t2 t14 t34 t42 t30 t39 t14 t14 t20 t25 t30 t16 t12 t15 t1 t12 t30 t17 t14 t5 t18 t5 t25 t25 t15 t14 t2,,,negative,34
t46 t14 t17 t38 t12 t14 t46 t42 t20 t20 t34 t18 t20 t25 t10 t18 t42 t1 t10 t25 t5 t7 t2 t20 t5 t42 t42 t17 t12 t17 t12 t46 t15 t34,,,negative,34
t10 t7 t2 t5 t2 t1 t25 t7 t12 t42 t10 t5 t18 t16 t14 t38 t34 t2 t38 t14 t30 t12 t30 t38 t2 t10 t42 t34 t1 t14 t46 t5 t46 t46,,,negative,34
t10 t16 t14 t16 t46 t2 t1 t18 t2 t18 t39 t20 t1 t2 t5 t42 t5 t10 t39 t14 t2 t46 t14 t38 t30 t46 t5 t1 t5 t34 t46 t42 t25 t2,,,negative,34
t38 t12 t20 t2 t30 t20 t30 t17 t42 t7 t12 t39 t30 t34 t1 t42 t14 t2 t38 t10 t17 t2 t38 t7 t42 t16 t25 t16 t34 t5 t16 t10 t15 t46,,,negative,34
t39 t2 t46 t2 t1 t34 t16 t17 t20 t5 t7 t18 t38 t17 t20 t12 t25 t7 t2 t17 t10 t1 t12 t18 t42 t5 t2 t42 t5 t16 t10 t34 t20 t42,,,negative,34
t14 t18 t2 t46 t34 t38 t5 t7 t20 t20 t42 t34 t17 t1 t25 t30 t5 t18 t46 t14 t46 t25 t34 t42 t15 t42 t12 t1 t15 t46 t15 t25 t12 t2 t17,,,negative,35
t12 t2 t18 t15 t14 t12 t12 t42 t10 t12 t46 t46 t20 t16 t7 t12 t5 t1 t12 t42 t38 t34 t1 t2 t18 t25 t34 t15 t20 t14 t18 t15 t20 t34 t15,,,negative,35
t12 t38 t12 t39 t16 t34 t18 t46 t25 t20 t2 t17 t38 t18 t16 t15 t39 t20 t38 t17 t10 t25 t25 t34 t20 t14 t39 t5 t38 t16 t12 t46 t2 t1 t16,,,negative,35
t20 t7 t14 t7 t12 t1 t7 t5 t5 t14 t34 t15 t30 t25 t10 t20 t5 t14 t5 t42 t14 t10 t2 t46 t14 t30 t7 t18 t18 t14 t18 t42 t2 t14 t2,,,negative,35
t15 t14 t2 t16 t34 t38 t42 t12 t39 t34 t15 t39 t7 t18 t34 t5 t15 t2 t38 t16 t25 t16 t25 t38 t2 t2 t30 t39 t15 t2 t12 t34 t1 t10 t12,,,negative,35
t46 t42 t1 t17 t1 t15 t16 t10 t46 t46 t14 t39 t12 t34 t7 t17 t34 t5 t16 t25 t20 t25 t39 t12 t15 t18 t39 t15 t14 t42 t15 t18 t46 t10 t15,,,negative,35
t38 t20 t42 t39 t30 t42 t39 t16 t14 t42 t42 t1 t10 t42 t12 t30 t20 t12 t25 t10 t34 t12 t2 t42 t46 t39 t7 t39 t39 t5 t1 t25 t1 t30 t30,,,negative,35
t39 t10 t39 t30 t14 t30 t14 t38 t10 t39 t1 t16 t15 t18 t5 t10 t7 t25 t16 t34 t18 t15 t18 t10 t25 t2 t1 t5 t18 t16 t39 t16 t15 t34 t14,,,negative,35
t2 t25 t34 t34 t46 t25 t34 t10 t16 t7 t7 t30 t12 t1 t12 t10 t38 t1 t46 t12 t5 t14 t5 t30 t1 t34 t12 t46 t10 t5 t14 t10 t7 t39 t18,,,negative,35
t12 t20 t34 t18 t17 t39 t30 t42 t25 t16 t39 t42 t20 t5 t30 t2 t25 t34 t16 t1 t46 t15 t2 t25 t39 t15 t39 t46 t39 t2 t12 t16 t17 t38 t25,,,negative,35
t1 t30 t12 t34 t14 t20 t25 t7 t16 t15 t25 t16 t2 t14 t38 t30 t18 t39 t12 t39 t7 t46 t30 t18 t34 t14 t15 t5 t18 t2 t38 t16 t30 t25 t30 t30,,,negative,36
t38 t17 t15 t7 t34 t20 t38 t12 t25 t12 t2 t10 t18 t46 t12 t5 t42 t30 t16 t16 t42 t34 t18 t15 t25 t38 t14 t1 t14 t39 t16 t12 t16 t15 t30 t30,,,negative,36
t2 t16 t10 t18 t2 t25 t46 t34 t39 t20 t10 t15 t30 t1 t34 t46 t25 t46 t12 t7 t46 t18 t39 t16 t17 t25 t34 t18 t2 t2 t7 t46 t39 t25 t18 t2,,,negative,36
t34 t20 t15 t39 t34 t5 t42 t15 t46 t2 t1 t34 t17 t20 t7 t10 t2 t5 t10 t2 t14 t18 t34 t20 t39 t7 t46 t30 t46 t39 t38 t5 t17 t18 t1 t2,,,negative,36
t17 t2 t30 t5 t1 t25 t17 t38 t10 t15 t42 t46 t30 t17 t2 t12 t17 t2 t2 t14 t7 t10 t34 t18 t39 t17 t20 t7 t42 t2 t38 t39 t39 t17 t1 t42,,,negative,36
t38 t17 t10 t7 t2 t25 t20 t2 t38 t25 t10 t12 t42 t46 t39 t38 t1 t5 t18 t30 t46 t20 t20 t10 t39 t12 t12 t1 t20 t7 t5 t17 t38 t17 t1 t25,,,negative,36
t18 t17 t18 t18 t38 t42 t20 t7 t7 t2 t18 t1 t12 t34 t20 t1 t34 t18 t46 t14 t38 t34 t30 t5 t7 t10 t39 t2 t42 t1 t2 t10 t25 t5 t15 t1,,,negative,36
t20 t14 t46 t46 t17 t12 t15 t16 t12 t1 t15 t14 t10 t38 t7 t7 t5 t18 t2 t18 t2 t10 t25 t2 t25 t1 t15 t17 t30 t1 t15 t12 t14 t25 t30 t30,,,negative,36
t42 t25 t5 t39 t15 t15 t34 t12 t15 t14 t20 t17 t25 t16 t10 t5 t1 t7 t17 t15 t25 t7 t10 t42 t25 t39 t7 t2 t34 t16 t1 t25 t16 t14 t2 t1,,,negative,36
t38 t46 t46 t15 t2 t34 t1 t34 t20 t46 t1 t16 t20 t16 t2 t39 t34 t15 t10 t34 t5 t39 t1 t18 t7 t39 t18 t30 t1 t7 t39 t2 t34 t12 t18 t12,,,negative,36
t1 t38 t38 t14 t5 t16 t12 t16 t5 t15 t30 t34 t42 t12 t38 t20 t18 t42 t1 t25 t7 t10 t42 t1 t38 t42 t14 t2 t38 t12 t16 t20 t46 t15 t12 t5 t38,,,negative,37
t18 t39 t20 t5 t42 t34 t25 t7 t14 t42 t12 t5 t14 t2 t18 t14 t15 t17 t15 t7 t14 t1 t20 t25 t1 t46 t30 t46 t2 t34 t38 t18 t38 t1 t46 t17 t46,,,negative,37
t2 t1 t14 t12 t17 t18 t10 t42 t2 t7 t7 t25 t16 t2 t18 t10 t38 t46 t39 t14 t10 t34 t30 t42 t16 t2 t14 t17 t1 t17 t5 t12 t1 t14 t14 t42 t46,,,negative,37
t14 t17 t30 t25 t42 t39 t12 t2 t1 t20 t34 t42 t16 t12 t10 t38 t12 t12 t1 t10 t18 t25 t7 t15 t10 t46 t38 t39 t7 t20 t20 t14 t25 t15 t2 t7 t17,,,negative,37
t16 t18 t10 t38 t12 t10 t18 t12 t20 t46 t39 t12 t5 t16 t38 t25 t15 t12 t17 t7 t2 t10 t14 t10 t34 t18 t7 t2 t17 t34 t10 t34 t25 t39 t5 t14 t20,,,negative,37
t15 t18 t2 t5 t42 t38 t2 t17 t46 t10 t1 t20 t42 t38 t10 t16 t14 t46 t10 t2 t39 t46 t14 t15 t46 t20 t14 t30 t12 t38 t1 t5 t25 t1 t18 t25 t17,,,negative,37
t15 t34 t17 t14 t2 t12 t34 t38 t2 t20 t10 t12 t14 t18 t30 t20 t1 t46 t30 t34 t7 t15 t14 t15 t10 t42 t14 t12 t42 t1 t42 t42 t14 t46 t2 t34 t38,,,negative,37
t12 t46 t25 t5 t17 t1 t25 t7 t15 t39 t17 t1 t12 t30 t39 t17 t16 t38 t7 t38 t7 t14 t2 t10 t20 t17 t1 t1 t5 t10 t38 t39 t25 t20 t38 t1 t10,,,negative,37
t42 t10 t20 t16 t38 t46 t42 t42 t7 t2 t46 t7 t25 t38 t16 t12 t12 t12 t5 t42 t38 t12 t1 t12 t16 t39 t18 t17 t14 t46 t34 t16 t15 t10 t5 t39 t12,,,negative,37
t7 t2 t16 t20 t7 t34 t15 t16 t15 t18 t38 t7 t1 t12 t46 t12 t1 t16 t46 t12 t7 t30 t7 t30 t15 t2 t15 t34 t39 t25 t12 t10 t15 t5 t14 t46 t5,,,negative,37
t7 t25 t46 t25 t15 t18 t14 t2 t20 t20 t34 t5 t18 t7 t30 t18 t38 t7 t18 t46 t1 t20 t30 t12 t42 t30 t34 t12 t15 t10 t5 t42 t39 t39 t15 t38 t5 t2,,,negative,38
t2 t7 t46 t34 t2 t30 t34 t16 t46 t20 t15 t42 t7 t16 t10 t2 t39 t15 t20 t25 t10 t46 t14 t12 t34 t2 t17 t12 t38 t42 t16 t38 t30 t17 t14 t18 t10 t5,,,negative,38
t17 t15 t46 t42 t7 t14 t7 t5 t12 t14 t30 t34 t20 t38 t14 t1 t10 t46 t12 t46 t18 t20 t7 t12 t12 t46 t5 t16 t16 t20 t34 t20 t7 t5 t7 t46 t7 t15,,,negative,38
t42 t7 t1 t46 t20 t10 t38 t18 t42 t38 t46 t30 t25 t1 t34 t1 t39 t17 t10 t42 t10 t20 t7 t16 t38 t34 t20 t10 t34 t25 t10 t25 t20 t1 t15 t7 t12 t5,,,negative,38
t18 t14 t30 t12 t39 t39 t12 t46 t30 t38 t42 t20 t2 t38 t30 t39 t1 t25 t15 t34 t30 t39 t2 t30 t42 t10 t15 t20 t25 t38 t38 t10 t34 t5 t12 t1 t38 t25,,,negative,38
t38 t16 t18 t7 t46 t5 t38 t39 t38 t25 t25 t25 t17 t39 t10 t34 t12 t10 t16 t30 t18 t34 t20 t39 t16 t16 t30 t39 t17 t20 t10 t16 t17 t14 t16 t2 t46 t12,,,negative,38
t20 t2 t1 t10 t1 t17 t42 t7 t18 t39 t15 t1 t39 t5 t17 t25 t30 t14 t12 t10 t18 t10 t30 t39 t17 t1 t42 t17 t7 t5 t18 t14 t42 t42 t25 t5 t34 t10,,,negative,38
t38 t25 t39 t1 t46 t5 t16 t20 t10 t17 t5 t18 t30 t1 t30 t14 t14 t12 t10 t14 t14 t12 t17 t17 t14 t25 t42 t46 t20 t16 t42 t38 t18 t2 t18 t2 t1 t1,,,negative,38
t25 t1 t16 t20 t20 t2 t10 t39 t20 t12 t10 t46 t38 t1 t16 t25 t46 t7 t7 t34 t25 t42 t1 t25 t1 t10 t1 t14 t15 t46 t17 t46 t38 t46 t16 t10 t39 t2,,,negative,38
t25 t17 t16 t7 t7 t18 t38 t7 t42 t15 t14 t14 t5 t46 t14 t16 t5 t34 t46 t39 t39 t10 t5 t2 t2 t25 t17 t38 t34 t30 t42 t10 t20 t15 t16 t42 t1 t17,,,negative,38
t5 t1 t16 t12 t7 t18 t25 t2 t12 t7 t10 t15 t38 t15 t10 t25 t42 t12 t34 t7 t2 t20 t17 t46 t38 t38 t7 t42 t39 t14 t34 t12 t39 t15 t7 t38 t14 t42 t10,,,negative,39
t18 t18 t34 t39 t18 t25 t2 t34 t46 t25 t42 t7 t2 t15 t16 t46 t38 t34 t25 t12 t14 t1 t12 t1 t7 t39 t46 t34 t7 t25 t42 t39 t39 t20 t5 t15 t1 t7 t18,,,negative,39
t14 t17 t1 t10 t38 t30 t34 t38 t10 t12 t2 t15 t5 t14 t34 t10 t46 t46 t10 t25 t10 t18 t5 t10 t34 t42 t5 t30 t25 t7 t15 t42 t2 t39 t1 t34 t12 t20 t46,,,negative,39
t5 t39 t25 t10 t14 t12 t20 t5 t42 t16 t7 t14 t5 t39 t5 t42 t12 t1 t14 t14 t20 t17 t25 t38 t1 t10 t15 t20 t12 t1 t16 t2 t2 t38 t20 t39 t1 t34 t10,,,negative,39
t42 t39 t38 t17 t34 t16 t20 t12 t18 t46 t34 t46 t39 t34 t5 t16 t5 t2 t14 t1 t17 t38 t46 t18 t10 t30 t12 t34 t15 t39 t14 t42 t12 t34 t25 t7 t20 t7 t38,,,negative,39
t15 t38 t10 t20 t1 t12 t39 t38 t38 t14 t20 t18 t1 t5 t14 t38 t2 t34 t14 t25 t12 t34 t34 t18 t17 t12 t34 t5 t25 t38 t46 t7 t42 t18 t30 t42 t20 t1 t34,,,negative,39
t30 t42 t7 t34 t34 t46 t10 t12 t38 t39 t20 t10 t14 t30 t25 t5 t12 t18 t20 t20 t15 t25 t25 t14 t30 t20 t17 t1 t16 t46 t25 t5 t39 t42 t7 t15 t17 t25 t20,,,negative,39
t15 t2 t17 t5 t10 t34 t25 t38 t34 t34 t7 t46 t17 t38 t14 t42 t5 t38 t14 t42 t15 t25 t10 t46 t25 t34 t15 t34 t42 t7 t16 t14 t42 t18 t15 t20 t38 t15 t12,,,negative,39
t12 t12 t18 t1 t10 t18 t46 t2 t38 t12 t38 t17 t15 t34 t12 t10 t34 t2 t34 t38 t25 t7 t2 t30 t5 t25 t38 t10 t14 t30 t25 t20 t10 t34 t5 t42 t17 t1 t2,,,negative,39
t18 t46 t17 t16 t39 t42 t18 t46 t18 t38 t2 t10 t30 t7 t39 t42 t14 t7 t12 t1 t10 t7 t15 t18 t18 t17 t12 t42 t18 t34 t7 t46 t16 t38 t39 t34 t10 t25 t7,,,negative,39
t38 t34 t16 t46 t14 t2 t16 t20 t34 t39 t25 t25 t38 t20 t38 t1 t7 t34 t15 t10 t5 t42 t25 t42 t5 t16 t34 t7 t7 t34 t42 t42 t39 t2 t16 t7 t7 t20 t5 t18,,,negative,40
t16 t10 t18 t2 t14 t18 t17 t14 t25 t12 t42 t25 t20 t2 t17 t34 t14 t18 t14 t38 t1 t30 t7 t18 t7 t14 t5 t20 t25 t39 t17 t17 t39 t17 t15 t18 t16 t20 t5 t39,,,negative,40
t12 t12 t38 t1 t42 t30 t17 t18 t14 t34 t46 t42 t16 t30 t12 t16 t7 t12 t7 t2 t14 t42 t7 t46 t15 t38 t5 t38 t38 t25 t20 t46 t18 t17 t5 t15 t38 t39 t38 t2,,,negative,40
t18 t12 t2 t34 t30 t2 t25 t16 t34 t38 t25 t12 t39 t12 t15 t38 t17 t30 t2 t25 t42 t14 t10 t1 t16 t18 t38 t39 t30 t42 t17 t14 t34 t1 t38 t16 t34 t15 t17 t2,,,negative,40
t14 t34 t25 t2 t2 t5 t14 t5 t38 t25 t12 t1 t34 t5 t14 t46 t2 t10 t12 t42 t42 t16 t25 t42 t7 t2 t25 t20 t34 t12 t38 t14 t2 t2 t18 t34 t39 t5 t38 t14,,,negative,40
t12 t7 t17 t5 t5 t46 t5 t10 t12 t42 t12 t39 t1 t34 t20 t30 t17 t2 t30 t14 t1 t17 t16 t46 t1 t12 t39 t14 t15 t42 t25 t20 t46 t17 t1 t25 t1 t25 t16 t18,,,negative,40
t16 t34 t16 t18 t15 t5 t5 t15 t1 t5 t38 t42 t25 t16 t39 t17 t15 t12 t38 t39 t25 t15 t1 t38 t2 t10 t39 t16 t5 t18 t15 t10 t16 t10 t18 t34 t12 t5 t7 t34,,,negative,40
t39 t14 t20 t18 t30 t2 t38 t10 t7 t20 t34 t15 t1 t30 t7 t18 t7 t34 t10 t17 t5 t34 t42 t7 t20 t30 t17 t34 t25 t12 t7 t46 t39 t15 t25 t25 t2 t10 t42 t17,,,negative,40
t1 t18 t17 t39 t34 t18 t1 t18 t2 t30 t18 t39 t16 t46 t46 t34 t2 t15 t12 t42 t7 t34 t42 t15 t34 t12 t34 t10 t39 t25 t2 t20 t38 t16 t16 t14 t20 t25 t39 t46,,,negative,40
t38 t2 t12 t7 t46 t25 t42 t12 t20 t12 t20 t2 t10 t12 t46 t25 t39 t7 t1 t15 t39 t34 t39 t16 t25 t34 t10 t10 t34 t7 t2 t17 t30 t5 t39 t34 t34 t39 t2 t12,,,negative,40
t2 t38 t16 t12 t34 t12 t20 t10 t25 t15 t2 t18 t7 t30 t17 t5 t39 t1 t39 t25 t5 t18 t7 t18 t17 t15 t5 t18 t42 t42 t7 t34 t20 t39 t15 t12 t12 t10 t30 t15 t38,,,negative,41
t34 t42 t20 t12 t12 t2 t16 t14 t2 t2 t30 t25 t30 t14 t12 t10 t14 t14 t16 t18 t42 t46 t5 t1 t46 t12 t1 t16 t25 t16 t39 t1 t2 t16 t39 t5 t20 t25 t5 t38 t39,,,negative,41
t10 t42 t1 t14 t17 t16 t39 t10 t2 t34 t20 t25 t16 t46 t20 t7 t17 t46 t7 t42 t42 t42 t34 t10 t18 t10 t14 t20 t17 t1 t25 t16 t39 t25 t2 t15 t5 t38 t30 t46 t30,,,negative,41
t25 t17 t39 t46 t7 t5 t14 t30 t20 t14 t42 t25 t12 t46 t25 t17 t39 t20 t17 t16 t18 t10 t5 t5 t7 t20 t34 t2 t15 t15 t20 t20 t17 t12 t16 t16 t2 t2 t39 t46 t42,,,negative,41
t1 t25 t14 t7 t30 t38 t10 t20 t30 t5 t5 t39 t38 t12 t38 t12 t46 t20 t14 t12 t1 t16 t10 t2 t42 t38 t5 t10 t15 t17 t12 t16 t42 t1 t2 t34 t17 t10 t20 t39 t15,,,negative,41
t2 t38 t16 t10 t5 t25 t17 t25 t20 t20 t38 t20 t16 t25 t12 t18 t1 t39 t16 t25 t34 t34 t30 t46 t15 t39 t30 t42 t2 t34 t12 t38 t39 t10 t34 t46 t42 t10 t46 t17 t2,,,negative,41
t12 t39 t42 t15 t30 t18 t15 t14 t16 t16 t20 t2 t1 t17 t25 t30 t1 t39 t1 t25 t12 t39 t34 t30 t2 t46 t38 t12 t16 t14 t10 t15 t15 t17 t15 t1 t25 t17 t15 t10 t5,,,negative,41
t42 t46 t46 t14 t12 t30 t20 t34 t38 t1 t17 t38 t1 t42 t5 t34 t7 t10 t34 t14 t2 t39 t46 t14 t7 t17 t20 t18 t16 t7 t5 t1 t42 t5 t34 t18 t38 t25 t2 t16 t17,,,negative,41
t2 t20 t17 t5 t18 t16 t17 t42 t39 t25 t16 t2 t2 t39 t25 t1 t12 t16 t1 t5 t10 t12 t10 t5 t7 t39 t2 t16 t1 t42 t10 t30 t14 t34 t42 t17 t1 t7 t30 t12 t25,,,negative,41
t10 t39 t7 t46 t16 t18 t17 t34 t5 t17 t16 t42 t30 t20 t5 t16 t5 t46 t15 t1 t1 t20 t2 t16 t2 t46 t15 t30 t2 t10 t14 t5 t1 t38 t10 t14 t16 t20 t5 t38 t20,,,negative,41
t16 t39 t25 t1 t25 t42 t2 t38 t14 t38 t2 t14 t18 t25 t1 t46 t12 t38 t39 t42 t12 t5 t20 t20 t10 t34 t12 t1 t25 t14 t18 t14 t34 t17 t16 t5 t38 t20 t12 t16 t39 t12,,,negative,42
t5 t14 t18 t20 t20 t15 t42 t34 t30 t10 t46 t5 t2 t7 t20 t12 t10 t17 t12 t42 t2 t14 t10 t46 t30 t1 t34 t39 t5 t16 t12 t10 t42 t25 t15 t38 t14 t20 t25 t38 t12 t2,,,negative,42
t2 t42 t10 t42 t34 t12 t42 t42 t5 t10 t38 t18 t10 t7 t17 t15 t7 t1 t7 t25 t46 t10 t14 t16 t16 t10 t20 t7 t16 t17 t2 t42 t39 t10 t15 t20 t7 t38 t16 t34 t14 t16,,,negative,42
t34 t38 t42 t10 t14 t12 t46 t2 t14 t7 t14 t46 t1 t14 t2 t30 t15 t14 t42 t15 t1 t25 t46 t30 t46 t1 t34 t17 t14 t38 t18 t14 t12 t14 t30 t46 t20 t12 t17 t14 t38 t15,,,negative,42
t25 t30 t12 t20 t34 t34 t5 t2 t42 t15 t39 t12 t17 t5 t20 t2 t5 t12 t38 t38 t46 t17 t17 t25 t39 t34 t46 t18 t34 t5 t2 t39 t46 t5 t39 t2 t30 t39 t18 t34 t42 t18,,,negative,42
t25 t30 t2 t30 t18 t10 t1 t34 t15 t34 t16 t46 t46 t1 t12 t10 t30 t16 t30 t16 t30 t34 t25 t18 t25 t46 t16 t25 t17 t34 t1 t30 t5 t10 t20 t25 t25 t34 t42 t5 t25 t7,,,negative,42
t30 t42 t20 t42 t34 t25 t2 t15 t20 t39 t46 t17 t10 t34 t14 t25 t12 t38 t15 t10 t38 t39 t10 t16 t12 t39 t7 t17 t15 t42 t46 t46 t10 t12 t18 t30 t2 t25 t7 t1 t39 t2,,,negative,42
t12 t46 t16 t18 t46 t30 t39 t14 t38 t1 t18 t7 t46 t34 t1 t20 t34 t38 t12 t42 t38 t14 t14 t17 t12 t1 t18 t7 t16 t14 t12 t10 t15 t17 t20 t10 t25 t20 t39 t15 t14 t12,,,negative,42
t18 t20 t2 t17 t30 t5 t10 t2 t38 t46 t25 t15 t34 t34 t25 t25 t20 t7 t2 t1 t17 t46 t34 t18 t16 t18 t17 t18 t10 t39 t34 t12 t20 t30 t5 t2 t18 t15 t7 t2 t12 t38,,,negative,42
t30 t17 t30 t2 t5 t5 t2 t12 t14 t12 t38 t25 t14 t7 t16 t39 t10 t18 t5 t39 t10 t34 t7 t16 t7 t14 t14 t34 t30 t34 t20 t20 t16 t39 t38 t1 t1 t39 t17 t25 t18 t42,,,negative,42
t12 t34 t46 t18 t7 t20 t30 t2 t39 t30 t1 t12 t7 t20 t1 t1 t16 t39 t12 t2 t30 t20 t39 t1 t20 t16 t16 t34 t12 t14 t46 t30 t46 t10 t5 t17 t14 t14 t12 t46 t16 t46 t30,,,negative,43
t39 t12 t46 t2 t15 t2 t34 t25 t16 t1 t1 t42 t1 t16 t7 t14 t14 t7 t38 t46 t20 t38 t18 t39 t39 t7 t16 t30 t2 t17 t30 t16 t15 t1 t38 t12 t34 t10 t10 t20 t16 t15 t39,,,negative,43
t16 t10 t12 t25 t10 t25 t16 t30 t46 t16 t1 t25 t1 t5 t5 t10 t7 t25 t38 t14 t15 t14 t25 t34 t34 t18 t20 t42 t12 t38 t39 t17 t16 t39 t5 t1 t5 t7 t14 t1 t7 t39 t14,,,negative,43
t17 t38 t12 t38 t15 t14 t38 t42 t39 t17 t16 t2 t5 t18 t20 t1 t14 t7 t20 t18 t1 t1 t5 t38 t7 t34 t5 t42 t15 t38 t18 t18 t25 t5 t34 t14 t46 t46 t14 t20 t1 t17 t10,,,negative,43
t18 t34 t5 t15 t1 t5 t2 t16 t20 t10 t38 t30 t46 t42 t1 t14 t34 t18 t30 t34 t39 t46 t17 t30 t1 t10 t34 t16 t1 t14 t25 t1 t20 t14 t15 t17 t1 t1 t20 t38 t12 t25 t12,,,negative,43
t7 t46 t5 t10 t38 t15 t2 t2 t1 t1 t1 t2 t34 t12 t46 t46 t18 t39 t14 t1 t34 t18 t39 t46 t7 t10 t16 t38 t2 t25 t5 t7 t17 t16 t5 t17 t38 t15 t10 t25 t42 t7 t1,,,negative,43
t1 t38 t5 t20 t5 t38 t5 t16 t42 t2 t18 t34 t10 t20 t15 t1 t10 t14 t16 t46 t38 t14 t34 t5 t38 t42 t17 t12 t38 t46 t34 t16 t10 t15 t20 t12 t7 t1 t46 t39 t7 t1 t38,,,negative,43
t1 t14 t17 t5 t39 t34 t10 t34 t10 t38 t5 t7 t10 t46 t38 t7 t18 t5 t12 t20 t15 t39 t42 t1 t42 t39 t34 t46 t46 t5 t42 t46 t46 t46 t34 t16 t14 t12 t34 t42 t39 t38 t38,,,negative,43
t7 t10 t34 t38 t12 t25 t42 t46 t39 t14 t39 t12 t30 t7 t2 t42 t16 t46 t20 t38 t30 t5 t2 t34 t38 t1 t30 t18 t34 t39 t17 t34 t25 t39 t39 t5 t17 t42 t38 t15 t38 t5 t12,,,negative,43
t12 t14 t39 t5 t7 t15 t14 t14 t34 t39 t30 t1 t34 t10 t42 t38 t30 t38 t1 t16 t10 t46 t7 t17 t34 t34 t16 t5 t2 t34 t12 t14 t34 t2 t7 t34 t30 t12 t30 t1 t30 t46 t38,,,negative,43
t39 t34 t30 t39 t5 t17 t34 t18 t14 t1 t20 t10 t30 t1 t42 t16 t5 t38 t20 t17 t30 t10 t39 t1 t1 t34 t2 t15 t1 t20 t15 t1 t39 t5 t17 t39 t42 t46 t30 t34 t30 t30 t39 t38,,,negative,44
t12 t16 t1 t38 t25 t15 t46 t14 t42 t46 t30 t16 t7 t16 t42 t17 t25 t2 t7 t16 t2 t15 t7 t17 t34 t39 t17 t42 t7 t46 t17 t14 t25 t46 t34 t18 t14 t18 t30 t42 t38 t20 t16 t14,,,negative,44
t7 t17 t39 t1 t1 t30 t1 t25 t14 t18 t7 t30 t20 t42 t1 t16 t46 t46 t7 t30 t15 t30 t12 t34 t38 t7 t14 t1 t38 t30 t34 t1 t16 t34 t20 t7 t2 t1 t34 t12 t7 t17 t20 t15,,,negative,44
t20 t30 t2 t46 t18 t46 t30 t14 t15 t20 t16 t18 t20 t14 t20 t34 t7 t18 t46 t20 t5 t2 t16 t14 t20 t30 t20 t17 t5 t15 t34 t20 t12 t1 t39 t30 t46 t46 t30 t39 t17 t30 t12 t2,,,negative,44
t10 t5 t46 t46 t18 t15 t20 t5 t18 t7 t30 t2 t10 t1 t2 t39 t12 t17 t39 t30 t14 t30 t2 t7 t2 t39 t42 t17 t16 t7 t46 t46 t46 t17 t38 t18 t17 t5 t18 t15 t18 t34 t30 t2,,,negative,44
t42 t46 t10 t1 t38 t25 t12 t12 t15 t18 t18 t30 t20 t10 t46 t34 t25 t39 t39 t39 t2 t46 t2 t16 t17 t17 t38 t2 t2 t12 t30 t30 t46 t15 t1 t42 t12 t25 t5 t39 t15 t15 t46 t14,,,negative,44
t16 t12 t39 t1 t20 t18 t1 t34 t1 t10 t42 t14 t1 t18 t25 t34 t15 t2 t46 t38 t2 t38 t17 t25 t7 t14 t18 t20 t30 t38 t17 t15 t38 t17 t12 t15 t46 t12 t15 t12 t12 t10 t10 t25,,,negative,44
t42 t46 t12 t18 t18 t16 t5 t42 t1 t14 t30 t20 t30 t7 t10 t7 t14 t20 t5 t30 t15 t2 t12 t30 t5 t16 t14 t14 t2 t25 t30 t25 t14 t34 t10 t15 t18 t18 t5 t16 t39 t18 t34 t34,,,negative,44
t34 t15 t25 t16 t10 t46 t14 t18 t1 t18 t16 t14 t17 t25 t5 t17 t10 t12 t39 t25 t1 t1 t10 t7 t38 t18 t12 t46 t42 t15 t2 t38 t20 t15 t18 t5 t25 t15 t16 t25 t34 t46 t2 t16,,,negative,44
t16 t42 t10 t20 t1 t5 t16 t10 t46 t17 t39 t1 t42 t14 t5 t12 t34 t14 t17 t38 t20 t12 t1 t5 t16 t20 t39 t38 t18 t15 t18 t34 t7 t30 t20 t5 t2 t30 t10 t30 t20 t20 t14 t16,,,negative,44
t14 t25 t17 t10 t2 t12 t1 t5 t5 t38 t15 t17 t15 t25 t12 t10 t16 t42 t17 t15 t39 t10 t18 t1 t5 t14 t14 t10 t16 t42 t46 t5 t25 t14 t10 t10 t30 t2 t46 t25 t18 t38 t17 t14 t20,,,negative,45
t25 t20 t34 t38 t42 t20 t42 t10 t1 t1 t16 t2 t5 t1 t34 t2 t12 t30 t39 t16 t25 t42 t10 t12 t12 t16 t18 t42 t39 t12 t1 t14 t39 t5 t2 t34 t1 t5 t30 t17 t15 t30 t18 t2 t5,,,negative,45
t2 t25 t46 t16 t39 t14 t42 t5 t30 t10 t39 t2 t16 t5 t10 t2 t46 t1 t5 t34 t5 t10 t1 t7 t38 t38 t39 t16 t12 t42 t16 t2 t1 t14 t7 t39 t34 t18 t5 t30 t2 t17 t16 t18 t38,,,negative,45
t14 t20 t38 t18 t46 t39 t7 t10 t46 t10 t15 t12 t1 t5 t34 t15 t12 t16 t15 t5 t2 t38 t18 t15 t2 t18 t38 t34 t16 t25 t7 t1 t1 t25 t10 t15 t30 t2 t30 t2 t39 t34 t7 t2 t34,,,negative,45
t20 t10 t16 t1 t1 t30 t34 t15 t42 t42 t20 t25 t5 t17 t15 t14 t39 t20 t17 t46 t39 t42 t46 t34 t15 t42 t25 t14 t1 t14 t25 t1 t16 t5 t46 t15 t39 t20 t12 t12 t2 t46 t20 t10 t34,,,negative,45
t25 t20 t2 t10 t30 t18 t15 t7 t25 t38 t15 t2 t14 t2 t17 t17 t7 t10 t30 t2 t12 t30 t10 t30 t16 t39 t2 t16 t39 t1 t39 t5 t42 t20 t30 t39 t38 t34 t38 t18 t42 t2 t20 t15 t18,,,negative,45
t14 t1 t18 t12 t7 t34 t12 t5 t38 t39 t20 t20 t5 t39 t20 t42 t30 t2 t15 t42 t20 t34 t30 t30 t25 t2 t7 t39 t12 t17 t10 t16 t38 t34 t38 t16 t10 t18 t18 t46 t39 t38 t46 t10 t1,,,negative,45
t15 t18 t14 t14 t1 t15 t38 t15 t46 t34 t16 t39 t46 t12 t30 t5 t16 t12 t1 t14 t12 t18 t39 t12 t1 t39 t30 t30 t38 t25 t14 t38 t25 t2 t15 t7 t25 t7 t7 t7 t38 t15 t2 t25 t46,,,negative,45
t15 t15 t12 t20 t5 t18 t46 t2 t16 t1 t1 t12 t10 t2 t10 t15 t42 t25 t2 t18 t10 t34 t14 t14 t34 t25 t42 t12 t1 t10 t16 t46 t5 t18 t15 t39 t20 t20 t20 t1 t20 t42 t39 t12 t7,,,negative,45
t38 t14 t5 t16 t12 t16 t2 t10 t10 t2 t2 t16 t20 t16 t12 t42 t5 t42 t16 t16 t46 t25 t10 t17 t10 t2 t16 t39 t1 t18 t25 t30 t34 t1 t17 t10 t1 t17 t25 t7 t46 t30 t14 t30 t10,,,negative,45
t5 t25 t38 t38 t1 t30 t14 t39 t1 t12 t1 t34 t5 t30 t7 t17 t1 t2 t15 t12 t30 t10 t20 t39 t20 t30 t1 t30 t30 t17 t18 t16 t14 t30 t2 t2 t20 t5 t10 t34 t17 t10 t1 t7 t25 t46,,,negative,46
t46 t14 t38 t18 t10 t16 t42 t46 t16 t12 t42 t20 t15 t20 t2 t12 t2 t12 t18 t16 t46 t34 t20 t25 t38 t30 t34 t1 t46 t20 t18 t20 t16 t39 t15 t7 t46 t25 t39 t30 t46 t10 t7 t10 t38 t2,,,negative,46
t18 t15 t18 t25 t34 t10 t2 t14 t38 t1 t16 t12 t10 t18 t34 t34 t46 t1 t12 t30 t7 t12 t42 t18 t38 t30 t30 t46 t30 t46 t34 t12 t18 t34 t30 t14 t5 t2 t1 t5 t34 t46 t14 t7 t2 t14,,,negative,46
t18 t1 t17 t46 t10 t30 t16 t7 t17 t16 t12 t34 t16 t14 t39 t39 t18 t20 t39 t38 t2 t18 t17 t16 t17 t25 t20 t15 t2 t5 t10 t12 t38 t5 t18 t34 t18 t20 t12 t10 t38 t38 t12 t18 t30 t5,,,negative,46
t10 t38 t42 t1 t14 t34 t39 t1 t30 t14 t25 t16 t1 t2 t20 t18 t18 t46 t39 t14 t42 t17 t25 t46 t5 t14 t2 t7 t20 t46 t16 t1 t34 t7 t25 t18 t20 t14 t25 t34 t20 t16 t20 t42 t42 t16,,,negative,46
t15 t5 t18 t17 t39 t1 t1 t34 t12 t12 t12 t39 t39 t25 t12 t39 t15 t2 t7 t34 t25 t34 t34 t1 t2 t17 t34 t12 t12 t15 t46 t12 t18 t39 t18 t46 t25 t42 t7 t38 t34 t5 t39 t2 t42 t39,,,negative,46
t14 t10 t14 t5 t15 t7 t2 t2 t16 t16 t2 t5 t15 t42 t42 t18 t2 t1 t39 t2 t30 t17 t14 t14 t17 t14 t16 t15 t38 t39 t2 t5 t30 t16 t5 t12 t2 t7 t20 t17 t38 t7 t18 t1 t18 t15,,,negative,46
t42 t30 t18 t12 t30 t46 t2 t16 t15 t1 t10 t16 t39 t20 t16 t20 t10 t42 t20 t10 t42 t38 t5 t39 t39 t14 t17 t16 t2 t42 t18 t14 t12 t10 t18 t15 t14 t39 t12 t12 t10 t12 t1 t39 t5 t15,,,negative,46
t10 t16 t42 t38 t30 t17 t16 t20 t38 t2 t14 t16 t46 t20 t20 t14 t30 t15 t17 t46 t15 t2 t10 t14 t39 t39 t17 t30 t42 t5 t16 t16 t10 t7 t5 t16 t12 t16 t25 t46 t1 t30 t42 t46 t10 t2,,,negative,46
t7 t25 t42 t14 t15 t14 t38 t1 t20 t7 t30 t5 t1 t20 t42 t5 t17 t14 t39 t30 t34 t46 t20 t14 t34 t15 t16 t38 t12 t34 t14 t10 t25 t30 t20 t17 t20 t18 t42 t2 t7 t25 t1 t38 t39 t7,,,negative,46
t16 t15 t46 t7 t25 t34 t2 t10 t16 t17 t18 t39 t46 t46 t12 t25 t1 t42 t25 t12 t2 t5 t30 t18 t17 t14 t38 t17 t14 t20 t34 t25 t42 t42 t15 t20 t14 t5 t17 t15 t16 t25 t20 t1 t10 t15 t15,,,negative,47
t39 t39 t20 t12 t30 t16 t39 t12 t39 t39 t7 t2 t5 t46 t2 t20 t39 t39 t10 t39 t5 t18 t18 t25 t20 t2 t7 t10 t39 t15 t20 t16 t14 t46 t16 t2 t38 t20 t16 t10 t5 t38 t30 t25 t42 t15 t16,,,negative,47
t16 t20 t30 t25 t5 t10 t34 t17 t42 t10 t15 t39 t15 t17 t1 t30 t2 t10 t34 t10 t7 t39 t2 t10 t2 t38 t34 t34 t5 t46 t2 t1 t7 t38 t7 t42 t12 t7 t14 t7 t20 t46 t39 t20 t20 t18 t10,,,negative,47
t5 t39 t30 t15 t15 t16 t34 t30 t42 t34 t20 t18 t16 t10 t42 t46 t5 t12 t17 t1 t20 t10 t34 t7 t34 t25 t2 t46 t39 t5 t17 t15 t14 t46 t20 t17 t10 t30 t10 t20 t20 t17 t34 t16 t15 t25 t46,,,negative,47
t46 t30 t16 t34 t15 t12 t38 t25 t14 t20 t7 t34 t18 t1 t15 t17 t10 t18 t30 t7 t2 t10 t20 t15 t15 t38 t1 t12 t14 t30 t1 t2 t25 t5 t7 t38 t12 t15 t42 t38 t12 t25 t17 t42 t34 t34 t15,,,negative,47
t1 t15 t42 t39 t7 t10 t42 t42 t14 t2 t5 t12 t39 t18 t18 t17 t38 t42 t42 t18 t12 t5 t16 t18 t20 t42 t18 t34 t1 t42 t20 t20 t15 t7 t46 t15 t38 t14 t46 t38 t16 t5 t5 t16 t34 t5 t1,,,negative,47
t5 t30 t7 t20 t30 t15 t14 t5 t20 t16 t2 t38 t14 t39 t34 t14 t34 t46 t38 t20 t20 t10 t38 t15 t46 t39 t46 t46 t18 t42 t30 t46 t10 t17 t16 t16 t34 t1 t38 t16 t20 t38 t46 t16 t17 t2 t46,,,negative,47
t16 t46 t34 t10 t20 t17 t39 t7 t12 t12 t25 t39 t34 t14 t15 t30 t16 t2 t42 t2 t5 t39 t17 t15 t2 t12 t7 t1 t12 t18 t15 t46 t20 t25 t2 t34 t10 t25 t30 t14 t16 t18 t16 t38 t42 t5 t20,,,negative,47
t14 t38 t46 t25 t16 t14 t20 t15 t14 t20 t42 t38 t42 t16 t34 t17 t7 t34 t2 t34 t34 t17 t18 t20 t34 t46 t25 t18 t1 t16 t46 t38 t38 t15 t30 t20 t16 t14 t42 t38 t20 t17 t16 t16 t39 t30 t17,,,negative,47
t34 t7 t38 t39 t30 t12 t12 t34 t38 t34 t16 t16 t2 t17 t16 t20 t20 t12 t10 t46 t46 t5 t7 t7 t14 t30 t42 t16 t10 t17 t17 t2 t20 t42 t12 t42 t20 t16 t16 t10 t38 t7 t10 t46 t46 t17 t16,,,negative,47
t38 t5 t25 t7 t25 t42 t38 t30 t42 t25 t42 t38 t42 t14 t1 t42 t30 t25 t5 t17 t39 t30 t46 t18 t18 t39 t1 t39 t17 t20 t10 t38 t12 t16 t2 t46 t20 t14 t1 t14 t15 t25 t34 t25 t2 t16 t39 t16,,,negative,48
t42 t15 t17 t15 t30 t38 t20 t16 t15 t1 t15 t30 t30 t7 t18 t46 t16 t5 t1 t1 t39 t1 t39 t39 t18 t14 t5 t15 t1 t5 t20 t34 t1 t38 t10 t46 t38 t39 t34 t18 t15 t14 t18 t20 t7 t38 t16 t1,,,negative,48
t14 t34 t5 t38 t1 t17 t25 t46 t34 t12 t39 t16 t17 t2 t1 t25 t10 t14 t5 t12 t16 t20 t10 t30 t25 t15 t16 t42 t2 t20 t20 t42 t38 t39 t18 t34 t7 t42 t16 t38 t1 t46 t42 t42 t25 t2 t12 t25,,,negative,48
t15 t46 t5 t5 t46 t7 t34 t17 t39 t46 t39 t30 t39 t30 t30 t38 t16 t25 t1 t34 t25 t10 t15 t46 t17 t2 t15 t38 t20 t20 t42 t20 t1 t14 t42 t30 t15 t39 t10 t14 t16 t25 t38 t30 t34 t16 t42 t25,,,negative,48
t12 t5 t38 t1 t10 t42 t39 t15 t1 t30 t46 t42 t46 t39 t34 t15 t34 t15 t38 t25 t18 t34 t17 t1 t1 t30 t1 t34 t10 t2 t46 t1 t2 t30 t17 t17 t34 t5 t34 t12 t38 t17 t2 t20 t46 t34 t25 t14,,,negative,48
t12 t25 t17 t30 t18 t39 t25 t16 t20 t7 t14 t1 t1 t25 t18 t42 t5 t10 t1 t15 t46 t46 t10 t30 t2 t12 t34 t30 t17 t1 t20 t25 t34 t34 t38 t39 t17 t25 t25 t14 t5 t12 t17 t16 t17 t38 t5 t14,,,negative,48
t25 t10 t25 t7 t20 t14 t17 t14 t18 t2 t15 t39 t16 t5 t38 t15 t1 t12 t20 t14 t42 t2 t25 t5 t38 t2 t2 t10 t38 t14 t15 t34 t20 t12 t42 t34 t30 t1 t10 t12 t5 t18 t12 t16 t25 t12 t5 t7,,,negative,48
t14 t7 t10 t42 t2 t2 t46 t18 t7 t14 t2 t30 t7 t20 t16 t5 t25 t39 t46 t10 t5 t12 t38 t39 t18 t1 t39 t12 t15 t46 t17 t18 t1 t12 t2 t34 t10 t39 t15 t2 t10 t42 t18 t7 t7 t1 t16 t30,,,negative,48
t17 t18 t18 t12 t34 t7 t7 t46 t5 t39 t25 t42 t34 t1 t14 t38 t16 t14 t39 t42 t1 t2 t46 t1 t18 t34 t20 t46 t16 t15 t42 t25 t46 t2 t10 t10 t30 t12 t10 t12 t39 t25 t34 t25 t39 t7 t16 t25,,,negative,48
t17 t34 t10 t30 t42 t38 t25 t30 t7 t16 t25 t16 t30 t10 t7 t46 t17 t17 t46 t14 t39 t7 t10 t34 t5 t42 t17 t2 t18 t34 t7 t15 t7 t7 t10 t7 t18 t14 t17 t10 t12 t1 t16 t20 t12 t14 t5 t25,,,negative,48
t18 t14 t18 t42 t15 t16 t34 t14 t14 t30 t18 t17 t2 t20 t17 t14 t38 t20 t18 t18 t14 t39 t7 t1 t1 t12 t20 t2 t2 t20 t42 t12 t16 t18 t18 t39 t1 t39 t14 t16 t42 t34 t18 t14 t18 t2 t14 t1 t12,,,negative,49
t2 t14 t5 t10 t10 t38 t7 t1 t25 t5 t20 t12 t42 t5 t25 t17 t30 t46 t38 t34 t12 t2 t16 t7 t42 t1 t38 t1 t7 t12 t42 t20 t5 t1 t1 t46 t34 t1 t5 t14 t7 t7 t30 t10 t18 t15 t39 t7 t42,,,negative,49
t46 t25 t16 t17 t12 t30 t30 t16 t20 t17 t20 t7 t20 t7 t39 t18 t34 t17 t15 t1 t34 t14 t20 t14 t25 t2 t30 t14 t1 t16 t16 t20 t12 t5 t17 t10 t5 t15 t12 t16 t15 t38 t14 t12 t14 t42 t20 t38 t30,,,negative,49
t46 t25 t10 t34 t7 t14 t7 t42 t17 t42 t17 t46 t18 t12 t15 t38 t38 t2 t39 t12 t18 t46 t34 t18 t18 t25 t12 t1 t34 t1 t20 t38 t10 t34 t38 t2 t39 t2 t20 t30 t12 t12 t30 t18 t34 t14 t38 t16 t30,,,negative,49
t15 t30 t20 t1 t1 t38 t1 t46 t46 t2 t15 t18 t15 t42 t15 t10 t12 t15 t25 t16 t10 t10 t20 t38 t25 t7 t12 t17 t1 t25 t18 t5 t15 t7 t16 t30 t25 t18 t34 t12 t10 t39 t5 t16 t12 t46 t20 t17 t20,,,negative,49
t39 t16 t30 t14 t2 t5 t7 t17 t2 t39 t39 t15 t15 t30 t2 t17 t17 t14 t1 t15 t25 t20 t25 t14 t16 t15 t14 t46 t5 t34 t20 t46 t17 t16 t5 t7 t42 t5 t17 t42 t18 t39 t12 t2 t14 t18 t14 t1 t18,,,negative,49
t14 t34 t15 t16 t18 t2 t17 t10 t12 t7 t16 t1 t10 t17 t14 t12 t1 t25 t17 t42 t15 t14 t25 t16 t7 t14 t7 t5 t46 t16 t16 t14 t10 t18 t2 t2 t39 t38 t10 t34 t7 t17 t39 t25 t14 t39 t7 t12 t15,,,negative,49
t46 t20 t34 t2 t42 t2 t15 t46 t12 t15 t20 t7 t16 t10 t42 t38 t12 t30 t14 t34 t2 t17 t18 t14 t2 t15 t42 t42 t5 t14 t42 t17 t39 t39 t16 t38 t14 t25 t1 t39 t15 t20 t15 t30 t46 t10 t18 t38 t17,,,negative,49
t16 t30 t14 t16 t30 t25 t5 t18 t5 t39 t14 t30 t46 t34 t10 t39 t18 t15 t10 t2 t42 t16 t18 t25 t5 t7 t12 t5 t30 t39 t20 t34 t38 t30 t34 t2 t12 t34 t1 t1 t25 t14 t10 t18 t10 t25 t18 t38 t1,,,negative,49
t20 t1 t46 t46 t46 t18 t7 t20 t15 t18 t1 t1 t25 t16 t39 t46 t39 t42 t1 t7 t12 t38 t39 t10 t16 t5 t1 t17 t18 t46 t42 t15 t1 t14 t20 t7 t2 t10 t17 t38 t25 t15 t18 t39 t7 t38 t30 t16 t5,,,negative,49
t38 t25 t42 t17 t34 t7 t20 t7 t39 t25 t10 t7 t14 t14 t10 t46 t34 t30 t15 t20 t5 t42 t18 t12 t46 t14 t1 t14 t39 t25 t25 t2 t34 t5 t25 t39 t17 t14 t18 t14 t46 t25 t38 t5 t25 t38 t7 t34 t30 t38,,,negative,50
t15 t30 t18 t42 t30 t7 t14 t15 t25 t16 t14 t15 t38 t2 t18 t34 t12 t12 t20 t25 t20 t38 t16 t34 t25 t5 t12 t16 t20 t2 t39 t25 t20 t5 t1 t39 t14 t7 t17 t34 t20 t18 t46 t38 t17 t25 t15 t42 t1 t38,,,negative,50
t39 t25 t10 t30 t12 t20 t1 t10 t39 t25 t2 t46 t17 t39 t20 t14 t7 t14 t16 t14 t15 t17 t1 t14 t12 t14 t14 t42 t18 t42 t7 t14 t7 t10 t34 t46 t38 t20 t46 t17 t18 t10 t7 t46 t10 t17 t5 t1 t15 t5,,,negative,50
t12 t2 t16 t12 t20 t42 t39 t7 t30 t46 t14 t46 t46 t30 t15 t14 t20 t10 t34 t17 t30 t15 t14 t5 t39 t15 t30 t17 t16 t2 t15 t34 t16 t39 t34 t16 t10 t12 t14 t39 t42 t42 t34 t14 t5 t18 t15 t1 t25 t10,,,negative,50
t1 t46 t42 t1 t5 t15 t30 t1 t18 t39 t34 t34 t1 t16 t10 t16 t20 t10 t18 t5 t5 t12 t25 t17 t34 t14 t10 t17 t42 t14 t2 t25 t20 t34 t42 t42 t17 t20 t10 t1 t20 t2 t20 t39 t15 t15 t1 t18 t30 t30,,,negative,50
t20 t12 t25 t42 t34 t1 t16 t2 t12 t46 t42 t20 t1 t20 t10 t10 t1 t34 t38 t12 t30 t10 t16 t42 t16 t2 t17 t7 t16 t1 t14 t34 t30 t2 t14 t34 t17 t38 t16 t20 t39 t20 t46 t46 t5 t42 t2 t15 t10 t12,,,negative,50
t18 t46 t38 t25 t10 t46 t39 t15 t7 t30 t30 t2 t15 t15 t42 t7 t30 t42 t12 t7 t30 t30 t25 t5 t2 t39 t14 t42 t7 t39 t17 t15 t46 t18 t38 t5 t38 t12 t10 t42 t1 t5 t30 t10 t10 t1 t39 t1 t38 t38,,,negative,50
t15 t39 t18 t20 t42 t20 t18 t30 t15 t7 t14 t20 t20 t46 t15 t5 t14 t42 t1 t25 t30 t39 t38 t34 t16 t16 t42 t25 t7 t16 t7 t42 t14 t16 t16 t39 t46 t12 t18 t14 t46 t7 t2 t5 t17 t15 t1 t10 t12 t25,,,negative,50
t34 t15 t7 t12 t46 t30 t2 t25 t14 t46 t1 t1 t38 t14 t25 t16 t14 t42 t12 t12 t2 t2 t7 t15 t17 t17 t7 t20 t14 t2 t18 t20 t16 t46 t46 t34 t1 t34 t46 t1 t7 t2 t7 t46 t30 t15 t46 t7 t14 t10,,,negative,50
t10 t20 t30 t16 t10 t30 t2 t15 t30 t16 t25 t17 t5 t2 t38 t46 t2 t20 t12 t39 t16 t14 t42 t42 t1 t7 t1 t30 t5 t5 t30 t34 t7 t15 t39 t46 t7 t39 t10 t42 t46 t46 t25 t10 t42 t12 t1 t5 t18 t20,,,negative,50
